address,chain,label,source,fetched_at,evidence,confidence,dwell_median_min,fan_out_1h,fan_in_unique,passthrough_ratio,age_at_taint_days,activator_label,trx_dust_usdt,round_amount_ratio,burst_tx_per_hour,hops_from_victim,hops_to_vasp,sanction_exposure,external_flags,shared_mule_cps,cross_case_count
T9yb6vP8o8PQJLNmcCkC9wfk73ULTCy2MB,TRON,high_risk,usdt_blacklist,2026-09-23T05:07:32.488Z,"{""eventCount"":1,""events"":[{""txHash"":""84caecac41da1bb63e8697d54a844bce3b6b3e8e47cb306df8456577a1e02085"",""blockNumber"":75959863,""blockTimestampMs"":1758539670000}]}",0.9,32.75,1,1,1,,TFS9frnykucuhk4f3M94o5hTm9igDM5iPN,false,0,2,,,,"[""high_risk""]",0,0
T9yfDTx9adWW1rN6E4UVMUoCQBwzb6wxsc,TRON,high_risk,usdt_blacklist,2026-09-23T05:07:32.488Z,"{""eventCount"":1,""events"":[{""txHash"":""4bc2cc4610f04d10e79e06d54cacbb82d7699b4b1c0a9945db0d261c64bf6bb0"",""blockNumber"":75959862,""blockTimestampMs"":1758539667000}]}",0.9,51.3,2,1,1,,TK4ykR48cQQoyFcZ5N4xZCbsBaHcg6n3gJ,false,0.167,5,,,,"[""high_risk""]",0,0
T9yM2hxoQjwPCddwMzwP8QtbhR2iaBtMhx,TRON,high_risk,usdt_blacklist,2026-09-23T05:07:32.488Z,"{""eventCount"":1,""events"":[{""txHash"":""2b95171dc2dbe46e7374c816087ebe6f0afc4ed471bfb13cbec20e81c8ae78fa"",""blockNumber"":73882809,""blockTimestampMs"":1752306693000}]}",0.9,,0,0,,,,false,0,0,,,,"[""high_risk""]",0,0
T9yTYeLQ8WpV3ACucaEscLFXDBvaKNuK1m,TRON,licit,tron_negative_sampling,2026-09-23T05:07:32.488Z,"{""activity_evidence"":{""txCount"":400,""lastActiveAt"":1790136792000,""createdAt"":1763544903000},""usdt_holder_evidence"":{""usdtTxCount"":400,""observedAt"":1790136792000,""sampleAmount"":""25159""}}",1,,2,1,8.305,280.16,TZHiA6uJJHEWNKb6Rt8ubniZPX17xsvKYp,false,0.563,5,,,,[],0,0
T9yWQZtQMmNdykQcpYvb9E9ptbZ6CSfxCo,TRON,high_risk,usdt_blacklist,2026-09-23T05:07:32.488Z,"{""eventCount"":1,""events"":[{""txHash"":""ceeecb89fabb2186fd3bd549d0695d8d741a1520079da1c921a7ce5afb24f528"",""blockNumber"":82650377,""blockTimestampMs"":1778619495000}]}",0.9,13486.125,1,1,0.937,0.001,TBhZLrcTxRYg19nBSbmjP3ruKv2oVDQy9G,false,0.805,7,,,,"[""high_risk""]",0,0
T9zaYZ8ffcW9yah5NcuPAQeVUWEtywseE6,TRON,high_risk,usdt_blacklist,2026-09-23T05:07:32.488Z,"{""eventCount"":1,""events"":[{""txHash"":""6471f9df4b699e4e08d59e705b8bae2f48bed812a3673b65989fa94df14f5ed8"",""blockNumber"":73882623,""blockTimestampMs"":1752306135000}]}",0.9,,0,0,,,,false,0,0,,,,"[""high_risk""]",0,0
T9zjrtR2dwdy7foHeAHLPsuQXPmLYd92JE,TRON,licit,tron_negative_sampling,2026-09-23T05:07:32.488Z,"{""activity_evidence"":{""txCount"":68,""lastActiveAt"":1772396721000,""createdAt"":1768333905000},""usdt_holder_evidence"":{""usdtTxCount"":68,""observedAt"":1772396721000,""sampleAmount"":""9121""}}",1,27960.6,1,1,1,,TQibbij5774jL3zWqpTuhTytSDciEUpgDS,false,0.618,3,,,,[],0,0
T9zZsb8UcVnt1f5VgA5uWCD5ijaQioXZmG,TRON,high_risk,usdt_blacklist,2026-09-23T05:07:32.488Z,"{""eventCount"":1,""events"":[{""txHash"":""4e922949cfe3088ca5aa6791be32756330dda0a7ad162517770740c69c89ebd3"",""blockNumber"":79853823,""blockTimestampMs"":1770225954000}]}",0.9,5861.875,2,1,1.1,43.451,TJhawTjkm5vmtBLaY6rZkHcziZfBY8EtfW,false,0.608,8,,,,[],0,0
TA13sPmBv22EgyGTYaHZcaGtAxYTUgDs1i,TRON,licit,tron_negative_sampling,2026-09-23T05:07:32.488Z,"{""activity_evidence"":{""txCount"":133,""lastActiveAt"":1772209842000,""createdAt"":1728421485000},""usdt_holder_evidence"":{""usdtTxCount"":133,""observedAt"":1772209842000,""sampleAmount"":""23614""}}",1,6688.65,2,1,1,,TY2zv2fka49iLfYAGzRC8PJYhjKMSCwvge,false,0.391,12,,,,[],0,0
TA1S6Bqo2vp8hKvm5Fi8HUf7erRfU8bLRM,TRON,high_risk,usdt_blacklist,2026-09-23T05:07:32.488Z,"{""eventCount"":1,""events"":[{""txHash"":""4e4beb777d99111f92ca472d0da2da78c1dd2b35caff5010649ccba413ffa4f1"",""blockNumber"":80377656,""blockTimestampMs"":1771798065000}]}",0.9,1462.45,5,1,0.97,1.101,TW2T7ryMfzeCuvmYV4HJksNHssn9rYLPZ7,false,0.531,13,,,,"[""high_risk""]",0,0
TA1XH5cYApGKkdSuxuRDWzzkFD1fjJ3W6L,TRON,high_risk,usdt_blacklist,2026-09-23T05:07:32.488Z,"{""eventCount"":1,""events"":[{""txHash"":""cc9f33678104c1cea47c6ee2188543347d4336763f952a8bfa82a7c5e18487c2"",""blockNumber"":82161741,""blockTimestampMs"":1777153179000}]}",0.9,3.55,1,1,1,0.003,TXbYu1LtXckF8DWGtJzoibYqms72KbQfPp,false,0.158,3,,,,"[""high_risk""]",0,0
TA1YBYVgHt2zqPrwz6LkoeWE5WwCZp1SN3,TRON,high_risk,usdt_blacklist,2026-09-23T05:07:32.488Z,"{""eventCount"":1,""events"":[{""txHash"":""5dc35e9f93fba04d66dc835af8ac7812adc7925444ab148ee93c8fa6d4f559d1"",""blockNumber"":82706779,""blockTimestampMs"":1778788749000}]}",0.9,55976.7,1,1,0.302,,TDPADEj2VVJf4wKGcAFSPe3TaxfCjy9hpH,false,0.488,4,,,,"[""high_risk""]",0,0
TA2MFscqcE8MjvxL24T2AvwHiGJi5Upj7v,TRON,high_risk,usdt_blacklist,2026-09-23T05:07:32.488Z,"{""eventCount"":1,""events"":[{""txHash"":""b5303df49370448d4d274da20f535cb09de97910c807ee3a09f2dc316392dcf1"",""blockNumber"":81441620,""blockTimestampMs"":1774992207000}]}",0.9,10416.2,2,1,1.035,1390.983,,false,0.185,8,,,,[],0,0
TA34BjhtQpcM4dycYVa1ca1dAbiJvpBjxc,TRON,high_risk,usdt_blacklist,2026-09-23T05:07:32.488Z,"{""eventCount"":1,""events"":[{""txHash"":""6e6f9fbc4e280c87d6fc4de79b15636c89aa9a7a39dd3905c1d8713852740c77"",""blockNumber"":81494521,""blockTimestampMs"":1775150952000}]}",0.9,160912.1,2,1,3.078,738.648,TTHArEGUe3fXkSpiPNGo5Zsh3rz7Kezi4z,false,0.348,65,,,,[],0,0
TA35F3FjjnyU3sBTZLfqnNnCgLCLqXsLps,TRON,high_risk,usdt_blacklist,2026-09-23T05:07:32.488Z,"{""eventCount"":1,""events"":[{""txHash"":""8d04e56a566c67a8859950a2b75a0cd95bf81857d022af2b7e8a807db7f22ffb"",""blockNumber"":85873869,""blockTimestampMs"":1788293199000}]}",0.9,2895.85,0,1,0.5,,TS47yPtdTkhNEqkQdrrGEbufnSDXH4NG4f,false,1,2,,,,"[""high_risk""]",0,0
TA39q3p75XRSWYAEaSF7dANtyksoa3sLge,TRON,high_risk,usdt_blacklist,2026-09-23T05:07:32.488Z,"{""eventCount"":1,""events"":[{""txHash"":""713fe39c5d578c1db8a754ce9d30e43ec41fabe19e02a833f943657df08a74e5"",""blockNumber"":77210376,""blockTimestampMs"":1762292286000}]}",0.9,98593.05,0,1,1,,TEPSrSYPDSQ7yXpMFPq91Fb1QEWpMkRGfn,false,0.818,7,,,,"[""high_risk""]",0,0
TA3eBKTHFA76mpjag1vik77hjL1TtrquW5,TRON,licit,tron_negative_sampling,2026-09-23T05:07:32.488Z,"{""activity_evidence"":{""txCount"":359,""lastActiveAt"":1777929402000,""createdAt"":1761709479000},""usdt_holder_evidence"":{""usdtTxCount"":359,""observedAt"":1777929402000,""sampleAmount"":""39.863974""}}",1,3105.8,2,1,0.992,,TUT3T4AzDiz8W6so2PQPQ1KPbBCRDWQqmS,false,0.51,5,,,,[],0,0
TA3gtSZUbixAKGe9zWLXnJyu1NCxBQqrFv,TRON,high_risk,usdt_blacklist,2026-09-23T05:07:32.488Z,"{""eventCount"":1,""events"":[{""txHash"":""54df6a8b59caba7ddf35a269fcca9321f08df4694d401d2e6efe1af11386721b"",""blockNumber"":84138864,""blockTimestampMs"":1783086408000}]}",0.9,247.25,2,1,0.975,0.832,TNsayoRELTYSL1qqV9ZRedrjeZVoWt78uP,false,0.429,9,,,,"[""high_risk""]",0,0
TA3i7KHc6NtAVrjTHgfzvFXv76FYY3DYLL,TRON,licit,tron_negative_sampling,2026-09-23T05:07:32.488Z,"{""activity_evidence"":{""txCount"":400,""lastActiveAt"":1789289196000,""createdAt"":1741430460000},""usdt_holder_evidence"":{""usdtTxCount"":400,""observedAt"":1789289196000,""sampleAmount"":""90""}}",1,35.15,4,1,2.805,520.083,TPEtBCS9Duia3gSxsm8hkQJC69aaMHgjQK,false,0.723,7,,,,[],0,0
TA3kSSGrWsVtVkniFucnGRegMvY2E6LGx7,TRON,high_risk,usdt_blacklist,2026-09-23T05:07:32.488Z,"{""eventCount"":1,""events"":[{""txHash"":""5ec18469595092b2fd5bc26b8795bf2f80a346524e72842fa0408c4aaa006057"",""blockNumber"":78986844,""blockTimestampMs"":1767623553000}]}",0.9,,0,1,0,,,false,0,2,,,,"[""high_risk""]",0,0
TA3qLUGJRHZQR2fmwdLYuPudvu6URY51Cu,TRON,high_risk,usdt_blacklist,2026-09-23T05:07:32.488Z,"{""eventCount"":1,""events"":[{""txHash"":""1ffd4153bc7551a8132827b2b1898eb4ae4ea62bf5a12a16fe01e8a198953bea"",""blockNumber"":73882813,""blockTimestampMs"":1752306705000}]}",0.9,,0,0,,,,false,0,0,,,,"[""high_risk""]",0,0
TA3rH2A7iHnm6pKH8gr9cK1EZnShnmZdFg,TRON,high_risk,ofac+usdt_blacklist,2026-09-23T05:07:32.488Z,"[{""source"":""usdt_blacklist"",""evidence"":{""eventCount"":1,""events"":[{""txHash"":""7402e081ebb59b03d24d28f9c84afd1f98171ebc2705fd55106933514a3867f1"",""blockNumber"":84074392,""blockTimestampMs"":1782892932000}]},""confidence"":0.9},{""source"":""ofac"",""evidence"":{""list"":""OFAC SDN digital-currency addresses"",""file"":""sanctioned_addresses_TRX.txt"",""repo"":""github.com/0xB10C/ofac-sanctioned-digital-currency-addresses""},""confidence"":1}]",1,,0,1,0,,,false,0,1,,,,"[""high_risk""]",0,0
TA3tgBGWPLoScAoSNW5APiU6HMCi4SXYaP,TRON,high_risk,usdt_blacklist,2026-09-23T05:07:32.488Z,"{""eventCount"":1,""events"":[{""txHash"":""c5dffa99c73164865a12c6575236470df43e5d691c22dc2545eadfa4ed4807ef"",""blockNumber"":85184363,""blockTimestampMs"":1786224045000}]}",0.9,,2,1,1.796,416.276,TM1zzNDZD2DPASbKcgdVoTYhfmYgtfwx9R,false,0.308,5,,,,"[""high_risk""]",0,0
TA44fn3gudHcm5Gc1USCPBFtasZVJYxUta,TRON,high_risk,usdt_blacklist,2026-09-23T05:07:32.488Z,"{""eventCount"":1,""events"":[{""txHash"":""2529e3e1498ec71a5bc6d2972f4ecd8ec28af9c2a9c507506991f8525b7c98df"",""blockNumber"":80941726,""blockTimestampMs"":1773492099000}]}",0.9,8545.375,1,1,0.876,0.002,TRjyn126qCTLYRo9JbGH1JxcFbKnZkA887,false,0.647,8,,,,"[""high_risk""]",0,0
TA5AeggA8oZdahEDLQbxCWbo8U2rZbNUSy,TRON,high_risk,usdt_blacklist,2026-09-23T05:07:32.488Z,"{""eventCount"":1,""events"":[{""txHash"":""ab73a4fade432c6e16f5fe57f7e4234686c09d3cb2609e0f48ec37687990e195"",""blockNumber"":81292112,""blockTimestampMs"":1774543557000}]}",0.9,110744.9,1,1,0.37,,,false,0.323,4,,,,[],0,0
TA5bncURq5sJmtdprsLXe8yr2C9q3HMS6A,TRON,high_risk,usdt_blacklist,2026-09-23T05:07:32.488Z,"{""eventCount"":1,""events"":[{""txHash"":""690526b9fb160e6b89ad979154bbf8d5aeb0a034a55585f9f1eee7130efade64"",""blockNumber"":81180610,""blockTimestampMs"":1774208952000}]}",0.9,42897.425,3,1,0.429,147.274,TFBEs9BvSLqxJy4m52hoQoBpMnQx599999,false,0.548,6,,,,"[""high_risk""]",0,0
TA5hrVymvwgXXRfp9miQKDZKJ11fWdk1fT,TRON,high_risk,usdt_blacklist,2026-09-23T05:07:32.488Z,"{""eventCount"":1,""events"":[{""txHash"":""b07443fd4e315dba23257a504c324d2b291c88135fb1ef2e4a72de0320df6337"",""blockNumber"":83331409,""blockTimestampMs"":1780663329000}]}",0.9,2173.5,2,1,1,,TJFLzP8RXomqyuuesw8swQzdhQNBdXyjQx,false,0.52,9,,,,"[""high_risk""]",0,0
TA5sJibqnAXWMG9JDtSVYE95NFHWNjEsyS,TRON,high_risk,usdt_blacklist,2026-09-23T05:07:32.488Z,"{""eventCount"":1,""events"":[{""txHash"":""d7c240f24ea2fb47a9836d738293250c85689c93254a4aeed4805ccae3bc6968"",""blockNumber"":81292220,""blockTimestampMs"":1774543881000}]}",0.9,38374,2,1,0.078,533.011,TEw4SWsU9vuwD3anMtWJdfoG4pLX1ZbYVW,false,0.278,3,,,,[],0,0
TA5xpK6poVZz22yTcCjWxKzheTxgxeji7D,TRON,high_risk,usdt_blacklist,2026-09-23T05:07:32.488Z,"{""eventCount"":1,""events"":[{""txHash"":""95b527fb5a41793d7166cda82034bfae65faac7a7296a5519c7cb307f3127e95"",""blockNumber"":73882481,""blockTimestampMs"":1752305709000}]}",0.9,,0,0,,,,false,0,0,,,,"[""high_risk""]",0,0
TA5zZ7vaHuik3EYgCXrVuAnRY6V3t166Zz,TRON,licit,tron_negative_sampling,2026-09-23T05:07:32.488Z,"{""activity_evidence"":{""txCount"":231,""lastActiveAt"":1777643844000,""createdAt"":1760422566000},""usdt_holder_evidence"":{""usdtTxCount"":231,""observedAt"":1777643844000,""sampleAmount"":""5052.54""}}",1,91577.35,0,1,1.178,17.403,TC58GZPgEzWRkjn5u2BMtP1CqyTJrULmvP,false,0.173,2,,,,[],0,0
TA66398BCoMgq5S87xSoCvGY2P6rL7NAW6,TRON,high_risk,usdt_blacklist,2026-09-23T05:07:32.488Z,"{""eventCount"":1,""events"":[{""txHash"":""e6de9e5a448133d4d24a37b25935b47026703d6058732ee41a3a00b7cad97410"",""blockNumber"":84656714,""blockTimestampMs"":1784640588000}]}",0.9,5151.4,0,1,0.997,,TFg8HhYeU4JvPiCPo2gY2ATkYMJ6qk1wy3,false,0.692,9,,,,"[""high_risk""]",0,0
TA6C3DFozR1j9PXVYo4LAkMw1BWuKfctxs,TRON,high_risk,usdt_blacklist,2026-09-23T05:07:32.488Z,"{""eventCount"":1,""events"":[{""txHash"":""ce3f509c5e72187f2570020a1d45f77599812c5862b6edbf96662bcbc831a9f6"",""blockNumber"":81494637,""blockTimestampMs"":1775151300000}]}",0.9,35990.1,6,1,0.411,1501.946,,false,0.638,8,,,,[],0,0
TA6pjktVyqfSTfgYdFSTKHkXsBquxLesCC,TRON,high_risk,usdt_blacklist,2026-09-23T05:07:32.488Z,"{""eventCount"":1,""events"":[{""txHash"":""1196052618e66f942a9bc4ad913a71cd1aac5a452a805ea289b9e4ef6e28878e"",""blockNumber"":81637441,""blockTimestampMs"":1775579838000}]}",0.9,14.25,3,1,0.681,,TUSYcK5yf8Et4xNTiUcpfZwmhFsxfdoooo,false,0.167,5,,,,"[""high_risk""]",0,0
TA7SH78vyXY8Bs95vqLSddNoZ9Y1tjsq2p,TRON,high_risk,usdt_blacklist,2026-09-23T05:07:32.488Z,"{""eventCount"":1,""events"":[{""txHash"":""ff49dc7e679441c488bf40c89a8d49a92bdfab2594100d89061785f058ad2eae"",""blockNumber"":73882846,""blockTimestampMs"":1752306804000}]}",0.9,,0,0,,,,false,0,0,,,,"[""high_risk""]",0,0
TA7u6FEnnvBNT4CBqHtzF3SWwy12eCznYN,TRON,licit,tron_negative_sampling,2026-09-23T05:07:32.488Z,"{""activity_evidence"":{""txCount"":2,""lastActiveAt"":1764133266000,""createdAt"":1764133260000},""usdt_holder_evidence"":{""usdtTxCount"":2,""observedAt"":1764133266000,""sampleAmount"":""0.650001""}}",1,0.05,1,1,1,0,TLj7LiUwgvznr2k8suvtBowGk6VcSJLTSn,false,0,2,,,,[],0,0
TA82wQ77kb9DieW4C8q7C4KwMfnCzfziqN,TRON,high_risk,ofac+usdt_blacklist,2026-09-23T05:07:32.488Z,"[{""source"":""usdt_blacklist"",""evidence"":{""eventCount"":1,""events"":[{""txHash"":""5633bbe6187597f901bd322349e87f9e11bb2f1e9b8455d14be36fa08c8ee3f6"",""blockNumber"":84075514,""blockTimestampMs"":1782896298000}]},""confidence"":0.9},{""source"":""ofac"",""evidence"":{""list"":""OFAC SDN digital-currency addresses"",""file"":""sanctioned_addresses_TRX.txt"",""repo"":""github.com/0xB10C/ofac-sanctioned-digital-currency-addresses""},""confidence"":1}]",1,36840.95,0,1,1,,TBJqexr1FfGxVKhDsKeou6FVLBW1aS1Ny7,false,0.514,5,,,,"[""high_risk""]",0,0
TA8JcLMf7xEmyEvH4EbnYnydeHM2X9Judc,TRON,high_risk,usdt_blacklist,2026-09-23T05:07:32.488Z,"{""eventCount"":1,""events"":[{""txHash"":""34051b8556e919806025ba001b8f4a48c530c4bf4c7b23a4c52cec5148169933"",""blockNumber"":73882616,""blockTimestampMs"":1752306114000}]}",0.9,,0,0,,,,false,0,0,,,,"[""high_risk""]",0,0
TA8nxHhnpSR42efdnPcC8jdfqESMwMPwey,TRON,high_risk,usdt_blacklist,2026-09-23T05:07:32.488Z,"{""eventCount"":1,""events"":[{""txHash"":""e6d8e593ce9fc8e2bac567e754867f3e3c37c0291a1d5b82aa4b089ca2407ec5"",""blockNumber"":82098009,""blockTimestampMs"":1776961929000}]}",0.9,,0,1,0,,THspRBUK6YLZ5PtKfGD6akX2rRwwAF72za,false,0.5,2,,,,"[""high_risk""]",0,0
TA8sx38tzUabgchsDDNWRyNGDahMwHu4jM,TRON,high_risk,usdt_blacklist,2026-09-23T05:07:32.488Z,"{""eventCount"":1,""events"":[{""txHash"":""58b01aa57c8ffc0dc7d07137c6a4ad2ecf410c2708e1ce5546b81597e41a92d3"",""blockNumber"":83831138,""blockTimestampMs"":1782162936000}]}",0.9,139261.75,0,1,0.861,,TKEnZ3XUFSFGgGqAYWmYnRouiCdH2v5Tii,false,0.429,4,,,,"[""high_risk""]",0,0
TA8YbbRcouwQTDNfzY3j3a6Dvz2YKQLdMw,TRON,high_risk,usdt_blacklist,2026-09-23T05:07:32.488Z,"{""eventCount"":1,""events"":[{""txHash"":""17576f7e2e4b5f058118c1a4644ae1992a27b376a755d569361af0aa273da8f9"",""blockNumber"":79720636,""blockTimestampMs"":1769826279000}]}",0.9,,0,1,0,,TJArwBnR4xWK4d4BzKXbBWZEDv3m3zt4cN,false,1,1,,,,"[""high_risk""]",0,0
TA92gaSqHukCM3Tvtw5mp6YTrcJrhRfF34,TRON,high_risk,usdt_blacklist,2026-09-23T05:07:32.488Z,"{""eventCount"":1,""events"":[{""txHash"":""d1d50e3a959c5d2f3157478a82e7a844a8fb8906404aba02a906873a2b182be7"",""blockNumber"":85873855,""blockTimestampMs"":1788293157000}]}",0.9,89817.825,1,1,0.877,,TLLJuu94wn8nvJDb57jmiF6iinRzitPGaZ,false,0.419,5,,,,"[""high_risk""]",0,0
TA9bzHfbiXmZQCJ9ZzNa7vFAXy74yXzTsV,TRON,high_risk,usdt_blacklist,2026-09-23T05:07:32.488Z,"{""eventCount"":1,""events"":[{""txHash"":""7484d89e1dca094bb4213f501d69d9f04762c3172a3fc0425d985a01fed2ad6b"",""blockNumber"":74052960,""blockTimestampMs"":1752817284000}]}",0.9,1949.3,0,1,0.987,,TKrdBNxjb3wyyLGp9j1TBJV9UKUPtcAjqS,false,0.2,5,,,,"[""high_risk""]",0,0
TA9p1Ay7aMkJYvvnG5hKzn3kXWLdciqnzz,TRON,licit,tron_negative_sampling,2026-09-23T05:07:32.488Z,"{""activity_evidence"":{""txCount"":19,""lastActiveAt"":1725248919000,""createdAt"":1716217092000},""usdt_holder_evidence"":{""usdtTxCount"":19,""observedAt"":1725248919000,""sampleAmount"":""70.681388""}}",1,26.1,3,1,1,0.011,TH7gGXzJ3PgPL7aLjDX1SnWJbEb17dYQx6,false,0.263,10,,,,[],0,0
TA9rtgcNQeQjJjyMSL1CqNhA3Kr5wF41oA,TRON,high_risk,usdt_blacklist,2026-09-23T05:07:32.488Z,"{""eventCount"":1,""events"":[{""txHash"":""69fed84a6c3119f739430dd27082a6abf64e47ba564b0d35ac6fd108c8f116f6"",""blockNumber"":73882878,""blockTimestampMs"":1752306900000}]}",0.9,,0,0,,,,false,0,0,,,,"[""high_risk""]",0,0
TA9YAELcHEraVKfCqqCxHN33BQTSmPQku9,TRON,high_risk,usdt_blacklist,2026-09-23T05:07:32.488Z,"{""eventCount"":1,""events"":[{""txHash"":""a8e36bd8b47a4f33520e98be0d80fc4e98cec61e95d9241e0124a02135bdd51b"",""blockNumber"":74958410,""blockTimestampMs"":1755534390000}]}",0.9,10097.375,1,1,0.537,0.009,TFTWNgDBkQ5wQoP8RXpRznnHvAVV8x5jLu,false,0.727,3,,,,"[""high_risk""]",0,0
TAA4emyuedcdLpHDYpyTmmQQ3CSwXHaUnD,TRON,high_risk,usdt_blacklist,2026-09-23T05:07:32.488Z,"{""eventCount"":1,""events"":[{""txHash"":""04004372fb891598d8280471f383d7dc25dd4181f6aa34da81924a009ad4dcaf"",""blockNumber"":73882457,""blockTimestampMs"":1752305637000}]}",0.9,,0,0,,,,false,0,0,,,,"[""high_risk""]",0,0
TAacjBmYztic9x9wCw9GkA39JR48CM7DVW,TRON,high_risk,usdt_blacklist,2026-09-23T05:07:32.488Z,"{""eventCount"":1,""events"":[{""txHash"":""0f2e9fe77f15bf2214bcb6cbaad43fa465d389057c29079f87861f3d1cefac34"",""blockNumber"":83218655,""blockTimestampMs"":1780324815000}]}",0.9,12557.7,1,1,0.961,,TTMzXhwS9ZoG7VW8HnREhacnf3ctSqnTRN,false,0.631,6,,,,"[""high_risk""]",0,0
TAAcSiQkKF1F3Jj9oxMCqojyihjBXajFGV,TRON,high_risk,usdt_blacklist,2026-09-23T05:07:32.488Z,"{""eventCount"":1,""events"":[{""txHash"":""2de6d18982aae2f306a9b93c07b537d3d61a281e65913f7a31c8d7871f9463ad"",""blockNumber"":82411924,""blockTimestampMs"":1777903938000}]}",0.9,376.05,0,1,0.333,,TXQobUN75KeYhBKRwT8WN31CDh3VbRj2zH,false,1,3,,,,"[""high_risk""]",0,0
TAad1BY7oUjMNepYVmThHEfCswbpDYAtFz,TRON,high_risk,usdt_blacklist,2026-09-23T05:07:32.488Z,"{""eventCount"":1,""events"":[{""txHash"":""ac21763cf9f4ffa765e30e4a5fb09574edf09d0af29a10963245d692bfcfe767"",""blockNumber"":84772643,""blockTimestampMs"":1784988492000}]}",0.9,,0,1,0,,,false,0,3,,,,"[""high_risk""]",0,0
TAAfiFtA8GMMrWEkJNcaj9kj3BmLPygDwq,TRON,licit,tron_negative_sampling,2026-09-23T05:07:32.488Z,"{""activity_evidence"":{""txCount"":400,""lastActiveAt"":1779070956000,""createdAt"":1772385765000},""usdt_holder_evidence"":{""usdtTxCount"":400,""observedAt"":1779070956000,""sampleAmount"":""14658""}}",1,36.25,4,1,1.38,67.399,TMv6cv5ZupwQJEVyjUVDuA1c1fVpzD6RH6,false,0.6,9,,,,[],0,0
TAAGxCVEEAyh4a9Ayg4rCHiYvzx656ZJ2x,TRON,high_risk,usdt_blacklist,2026-09-23T05:07:32.488Z,"{""eventCount"":1,""events"":[{""txHash"":""e216b684a405bd4c3d12d2ea964bfb4ca5d63663125ef2d08b9800d3aca2e591"",""blockNumber"":79455902,""blockTimestampMs"":1769031585000}]}",0.9,,0,1,0,0.089,TKjuWVKBzhK2sgaznc5dUWJiqbjQrTXCSS,false,0.5,5,,,,"[""high_risk""]",0,0
TAaHctAwDrkhGiLypATqNWbKuT9fuSoN1v,TRON,high_risk,usdt_blacklist,2026-09-23T05:07:32.488Z,"{""eventCount"":1,""events"":[{""txHash"":""a1561408fc78226cc14c64240a427f2543301365b7ca3815e5d4195edc675383"",""blockNumber"":81292112,""blockTimestampMs"":1774543557000}]}",0.9,535612.15,3,1,1,,,false,0.308,8,,,,[],0,0
TAaLTdp28SoKYsomDUBaj1HzWYM3x54zeT,TRON,high_risk,usdt_blacklist,2026-09-23T05:07:32.488Z,"{""eventCount"":1,""events"":[{""txHash"":""b18162916808a6435a653c75618941f571636f308b7fd1d27ccc4660aa1a7f8b"",""blockNumber"":81856543,""blockTimestampMs"":1776237330000}]}",0.9,1.45,1,1,1,,TYeNDy45JB6YpTZZq7KuyXCaYQnAyDnasQ,false,0,2,,,,"[""high_risk""]",0,0
TAAnvUJHMni4xJxpznhTcAfxEVemRJ3ycP,TRON,high_risk,usdt_blacklist,2026-09-23T05:07:32.488Z,"{""eventCount"":1,""events"":[{""txHash"":""e99694152dc2a9dfefe55c4184f35cfd963fdd2f5d4ca149bd6579f43f8726ec"",""blockNumber"":83685993,""blockTimestampMs"":1781727375000}]}",0.9,7218.05,1,1,0.807,,TPA6XiyLoQfAZ2vDXuouBqHn395UGGJZ26,false,0.818,4,,,,"[""high_risk""]",0,0
TAArQU5KVohMmbssTr9C76AUhnYebmeXeu,TRON,high_risk,usdt_blacklist,2026-09-23T05:07:32.488Z,"{""eventCount"":1,""events"":[{""txHash"":""bd3c25e384cab64ca632722e92f630fcbb39bb377604aaf2bdf4a542a5e5bd7a"",""blockNumber"":85894991,""blockTimestampMs"":1788356583000}]}",0.9,4356.575,2,1,0.973,,,false,0.254,4,,,,"[""high_risk""]",0,0
TAaVhcK1dKVT1N5kH221YKvLAynQ9V8hKm,TRON,high_risk,usdt_blacklist,2026-09-23T05:07:32.488Z,"{""eventCount"":1,""events"":[{""txHash"":""6f0a6d59402b4ca8d3e9f90533b21a1c540c8c66d9ed805e089b4524e7a5adf3"",""blockNumber"":81270071,""blockTimestampMs"":1774477416000}]}",0.9,14012.95,5,1,0.963,820.762,TBgiMGRwyCBZaHWAZSW4YhP2D6tuJHFJgP,false,0.251,10,,,,[],0,0
TAazgTGEASzsBooKPc4yCXs7ibfp8bJj11,TRON,high_risk,usdt_blacklist,2026-09-23T05:07:32.488Z,"{""eventCount"":1,""events"":[{""txHash"":""b8f34faf82707af66d2d9fd26b6da20465dec63a401c0af147eb473b3d3665dc"",""blockNumber"":77499427,""blockTimestampMs"":1763159688000}]}",0.9,5689.425,1,1,1,,TJ4Uhx89B886FKafEVnxoXrHAXr3EJTEBM,false,0.5,3,,,,"[""high_risk""]",0,0
TAB8nHz2k1K2knV3L22XFNrFvK2yYEnafL,TRON,high_risk,usdt_blacklist,2026-09-23T05:07:32.488Z,"{""eventCount"":1,""events"":[{""txHash"":""475b574b1d90d51eec6631a7354d923342ca43538d91c5b68949be9044dad463"",""blockNumber"":74122210,""blockTimestampMs"":1753025094000}]}",0.9,475.3,4,1,1,0.039,TPDtccFCAPFfEZetvdv7KscUo3w4wQE2fb,false,0.316,5,,,,"[""high_risk""]",0,0
TAb95HS7CfyEGGQ5CZK6eNDFqL9d4bqjg3,TRON,high_risk,usdt_blacklist,2026-09-23T05:07:32.488Z,"{""eventCount"":1,""events"":[{""txHash"":""ee518bbc178d978b354d681691729ff9234cfb1ac271f665e5b69f9549ff660d"",""blockNumber"":74673697,""blockTimestampMs"":1754680017000}]}",0.9,443.7,1,1,0.769,50.973,TXKb1Tyc9k12DVE3MY9kqbmSix2ccFi7tD,false,0.778,6,,,,"[""high_risk""]",0,0
TAbbVaBKgH4VBLXgWqACuwoKF4cH1HinQh,TRON,high_risk,ofac+usdt_blacklist,2026-09-23T05:07:32.488Z,"[{""source"":""usdt_blacklist"",""evidence"":{""eventCount"":1,""events"":[{""txHash"":""64f491b43e761300edb7947a223bd11794d049ca8017b989b8a262583ce94213"",""blockNumber"":85644275,""blockTimestampMs"":1787604195000}]},""confidence"":0.9},{""source"":""ofac"",""evidence"":{""list"":""OFAC SDN digital-currency addresses"",""file"":""sanctioned_addresses_TRX.txt"",""repo"":""github.com/0xB10C/ofac-sanctioned-digital-currency-addresses""},""confidence"":1}]",1,500918.9,1,1,1,,TYD4pB7wGi1p8zK67rBTV3KdfEb9nvNDXh,false,0.647,2,,,,"[""high_risk""]",0,0
TABDKwnptm7oViPvssy6xMidsKHzsTgD11,TRON,high_risk,usdt_blacklist,2026-09-23T05:07:32.488Z,"{""eventCount"":1,""events"":[{""txHash"":""7de215a91ec60ae9ece6c491d2267187c099dd6f7bf839c75ea2645a6ccb7bdd"",""blockNumber"":81117342,""blockTimestampMs"":1774019094000}]}",0.9,4059.675,0,1,1,,,false,0,4,,,,"[""high_risk""]",0,0
TABe6Xopf2dfd4W4W6P1WturN8ZNDNCZdE,TRON,high_risk,usdt_blacklist,2026-09-23T05:07:32.488Z,"{""eventCount"":1,""events"":[{""txHash"":""9c6386d2f18472375cf3947be2a9ea7cbd1db1f2f7a135bd298a6dbbf7a3e0bd"",""blockNumber"":78637745,""blockTimestampMs"":1766575962000}]}",0.9,1322.3,3,1,2.304,17.968,TGMGB8BKUjjvfRwWsrB15KzC2AiQuSzGBX,false,0.233,7,,,,"[""high_risk""]",0,0
TABHNRVMCqVm84Etp4YVEFKAfFR9FScCwe,TRON,high_risk,usdt_blacklist,2026-09-23T05:07:32.488Z,"{""eventCount"":1,""events"":[{""txHash"":""2f77572862f484e6f197943700e8c1e8fa0e1d78e936d8bdb1aaf92d0265c931"",""blockNumber"":83484980,""blockTimestampMs"":1781124168000}]}",0.9,,0,1,0,,,false,1,2,,,,"[""high_risk""]",0,0
TAbKvjiZrHNR1URReBcNygAwNAThvSZCk5,TRON,high_risk,usdt_blacklist,2026-09-23T05:07:32.488Z,"{""eventCount"":2,""events"":[{""txHash"":""16749770bad1a9ec75f6e0796a8fdf6a231c04836df263c8670890048810ab32"",""blockNumber"":83308698,""blockTimestampMs"":1780595172000},{""txHash"":""2cf9917194bf2bf75820429dd318e8e94af234eda0420d03dbba64eb0c3cc964"",""blockNumber"":81494523,""blockTimestampMs"":1775150958000}]}",0.9,52753.525,0,1,0.02,,TJ3hL2q6qaerSYAEDeg6MaT3yAtD3ToEp5,false,0.939,1,,,,"[""high_risk""]",0,0
TABMfX7VkH7CeswpuKxN5THir8RKkH9JjD,TRON,high_risk,usdt_blacklist,2026-09-23T05:07:32.488Z,"{""eventCount"":1,""events"":[{""txHash"":""c8aa7ae29c9b2b0c696f84d572d325f623df516f066cf1f1a83a277e4ff4ecad"",""blockNumber"":79132979,""blockTimestampMs"":1768062078000}]}",0.9,4035.825,2,1,0.13,,TUSYcK5yf8Et4xNTiUcpfZwmhFsxfdoooo,false,0.28,8,,,,"[""high_risk""]",0,0
TAbT2afxbYXejeytJEXMctuv4zkLjm7EZm,TRON,high_risk,usdt_blacklist,2026-09-23T05:07:32.488Z,"{""eventCount"":1,""events"":[{""txHash"":""56f3364c04fbb8dbcd3f7db68c7ae89edb8fbd11dd70187faca129f5ddee965f"",""blockNumber"":73882873,""blockTimestampMs"":1752306885000}]}",0.9,,0,1,0,,,false,0,2,,,,"[""high_risk""]",0,0
TAbx4oS98XkcUof9jaB9UUci2YA9bt4Mr5,TRON,high_risk,usdt_blacklist,2026-09-23T05:07:32.488Z,"{""eventCount"":1,""events"":[{""txHash"":""7dea09afaea1d8f950b7cf9974ad1f965d1618ff8a5cac27a1f67ad7603c2688"",""blockNumber"":73882601,""blockTimestampMs"":1752306069000}]}",0.9,,0,0,,,,false,0,0,,,,"[""high_risk""]",0,0
TAbYwDjQk4RvRWKWW8RJP8LPRoqP6KcWpc,TRON,high_risk,usdt_blacklist,2026-09-23T05:07:32.488Z,"{""eventCount"":1,""events"":[{""txHash"":""69484ab100ce265f8a355b7f35940740103e4b89bcf8f012d854b251b9212132"",""blockNumber"":75563864,""blockTimestampMs"":1757351262000}]}",0.9,50455.425,3,1,0.839,16.262,TQLjc9pgTaUg1JtU1rDKYRNCXjPxvgqRDE,false,0.442,15,,,,"[""high_risk""]",0,0
TAc41AdtSTrQpRVWXsxF7HVhcxuD1gMAFQ,TRON,high_risk,usdt_blacklist,2026-09-23T05:07:32.488Z,"{""eventCount"":1,""events"":[{""txHash"":""8aecc1ed6f7fb8abc5a86587deb4ed6ef5843df568f94dd17cc53d1548e64b8a"",""blockNumber"":77418531,""blockTimestampMs"":1762916931000}]}",0.9,,0,1,0,,TUT3T4AzDiz8W6so2PQPQ1KPbBCRDWQqmS,false,0,2,,,,"[""high_risk""]",0,0
TAcACUefMW5AZCyjAqV2si6AZftwVb38WC,TRON,high_risk,usdt_blacklist,2026-09-23T05:07:32.488Z,"{""eventCount"":1,""events"":[{""txHash"":""1d4414b92fd2070859e8c4ddded0100cfbeded402588dd859d5ab07d9b55b5f5"",""blockNumber"":73882669,""blockTimestampMs"":1752306273000}]}",0.9,,0,0,,,,false,0,0,,,,"[""high_risk""]",0,0
TAcB9P9pWUkRFsA3HLvh7CqQxTWEVZgbsV,TRON,high_risk,usdt_blacklist,2026-09-23T05:07:32.488Z,"{""eventCount"":1,""events"":[{""txHash"":""221fe85b30eb67cf750ada796844e98c13c89d4c8cf91335df1e9ffe21fda173"",""blockNumber"":82317913,""blockTimestampMs"":1777621827000}]}",0.9,75550,2,1,0.92,27.928,TTHVawVSitwfQcQ1esWjRVetD7yfS1jjLY,false,0.373,13,,,,"[""high_risk""]",0,0
TACbiuAiZYeKUreEQJjmMise5KgiBpkKBc,TRON,high_risk,usdt_blacklist,2026-09-23T05:07:32.488Z,"{""eventCount"":1,""events"":[{""txHash"":""95397acb272bb475abc8548f11ab7c235f3cf554eac705e0104bc3a6860977ca"",""blockNumber"":84138829,""blockTimestampMs"":1783086303000}]}",0.9,2805.95,0,1,1,,,false,0,2,,,,[],0,0
TAcdBZTAn5nfqWQc3fE6wN9EDkBJD5fs37,TRON,high_risk,usdt_blacklist,2026-09-23T05:07:32.488Z,"{""eventCount"":1,""events"":[{""txHash"":""b3a28d8a06380599eab0b2a0d541b6b4f87f69e73ebf2bccafa614798d43a10d"",""blockNumber"":77843206,""blockTimestampMs"":1764191343000}]}",0.9,51783.45,2,1,1.324,27.901,TDr2ocsyoEfr5Vnpba8645imnRkAusBv7H,false,0.697,8,,,,"[""high_risk""]",0,0
TACDfnF9H8rnLhCKto4x4y5SkPHxeEhHZW,TRON,high_risk,usdt_blacklist,2026-09-23T05:07:32.488Z,"{""eventCount"":1,""events"":[{""txHash"":""4f9026b0780fcffaa3241f52726d67ab3e1dc2cd66120eb8625ae3cccdd372af"",""blockNumber"":84745172,""blockTimestampMs"":1784906055000}]}",0.9,26271.825,1,1,0.974,,TQNWULQ7sDEj6PSHtYG8ve9xYR4rBCAvWL,false,0.356,5,,,,"[""high_risk""]",0,0
TACMY3DirsYFFKgoVJzWdzV5LwsJEqZJZy,TRON,high_risk,usdt_blacklist,2026-09-23T05:07:32.488Z,"{""eventCount"":1,""events"":[{""txHash"":""d3b56ca9ed74e5689147e7ad15382c053eba6006270365d56cf3940ad7bcdabf"",""blockNumber"":85865608,""blockTimestampMs"":1788268401000}]}",0.9,14594.25,1,1,0.625,,TRaXtrznyTFhjNPhv4YtstHgWwV8AVBrmY,false,0.842,3,,,,"[""high_risk""]",0,0
TACoQZTypD99VdwBCMb9wdp9pr54BFBbb1,TRON,high_risk,usdt_blacklist,2026-09-23T05:07:32.488Z,"{""eventCount"":1,""events"":[{""txHash"":""6e06814f3d614c63ac0072ab8bf1bb582ee825cf62c0def182e9053e2d0fc792"",""blockNumber"":84512673,""blockTimestampMs"":1784208294000}]}",0.9,,0,0,,,TNzJvWHAAKwh5Q1arjjSqyfTSWjLUDoDAP,false,0,0,,,,"[""high_risk""]",0,0
TACQ65fHEWv8BAZxDmjpzyfvXmtYjgDwUc,TRON,high_risk,usdt_blacklist,2026-09-23T05:07:32.488Z,"{""eventCount"":1,""events"":[{""txHash"":""474577bb617d0aa10a6a03c8474c90613d5b607ac6231e8a42fea7bc1fece273"",""blockNumber"":86305616,""blockTimestampMs"":1789589019000}]}",0.9,105916.7,2,1,0.587,0.001,TQrY8tryqsYVCYS3MFbtffiPp2ccyn4STm,false,0.466,10,,,,"[""high_risk""]",0,0
TAd659z85PL5kfhBbQmA9E5mg9xc1jN5mM,TRON,high_risk,usdt_blacklist,2026-09-23T05:07:32.488Z,"{""eventCount"":1,""events"":[{""txHash"":""2e09e7b73728e96cc27bf8f55d25ac8103f7b5ff46ceb95594d2d6cce717a051"",""blockNumber"":81441097,""blockTimestampMs"":1774990638000}]}",0.9,287894.275,0,1,44.214,109.857,THTHrMa6rwoajkgFUHHwm1KwgEda1K4MZ5,false,0.049,6,,,,[],0,0
TAD9LGXkLapq16U1JkjhLu34jDEQ8DgVuS,TRON,high_risk,usdt_blacklist,2026-09-23T05:07:32.488Z,"{""eventCount"":1,""events"":[{""txHash"":""b03e3cf406ad3041c675e8bcd6d3fe5f1188736e8a46ef7bf84cbbcd9da7fb18"",""blockNumber"":81270590,""blockTimestampMs"":1774478973000}]}",0.9,6065.7,2,1,1,,TXqY3yNY3DpDE5rHKHZNxh3tY4DiubaQdR,false,0.439,6,,,,[],0,0
TADAZ8mLdhLgxuoa75Lrps6zpFmng23smM,TRON,high_risk,usdt_blacklist,2026-09-23T05:07:32.488Z,"{""eventCount"":1,""events"":[{""txHash"":""cb4e20a942c2cc4ab63e867c577ad6f47be7d06573ec239d38e955c7bf071a11"",""blockNumber"":81270071,""blockTimestampMs"":1774477416000}]}",0.9,71807.725,3,1,1.424,730.958,,false,0.579,9,,,,[],0,0
TADcqmSghLHVJZcYvDsevwE6nxepRZJyzL,TRON,high_risk,usdt_blacklist,2026-09-23T05:07:32.488Z,"{""eventCount"":1,""events"":[{""txHash"":""8e01e8b4f471940105e670fed31e1cd346e02c81a26d420d857a226b9d3a3184"",""blockNumber"":85718881,""blockTimestampMs"":1787828094000}]}",0.9,1323.625,2,1,1,,,false,0.425,4,,,,"[""high_risk""]",0,0
TADF44dsZL59wnCxKkzmXGUaaL5xAhHDYk,TRON,high_risk,usdt_blacklist,2026-09-23T05:07:32.488Z,"{""eventCount"":1,""events"":[{""txHash"":""2e681add823064e22d50b0b42e2e03637caa7e5820160c50864492c0349e2c4f"",""blockNumber"":82074289,""blockTimestampMs"":1776890751000}]}",0.9,2892.45,2,1,0.968,,TX8847xZfeGDhAFbE8JSyfD4ps5pGraQ7y,false,0.648,6,,,,"[""high_risk""]",0,0
TADfHpnFg7H3oPoMGvhN2qYVkt6aNgDVDt,TRON,high_risk,usdt_blacklist,2026-09-23T05:07:32.488Z,"{""eventCount"":1,""events"":[{""txHash"":""6fac3ea273578ea11cc1769cadb61a4cb83e09e612f0018b90341304abed0d95"",""blockNumber"":73882482,""blockTimestampMs"":1752305712000}]}",0.9,,0,0,,,,false,0,0,,,,"[""high_risk""]",0,0
TADKBoNPRtviD6hx8YZ97j3pDLSSaX6Gc6,TRON,high_risk,usdt_blacklist,2026-09-23T05:07:32.488Z,"{""eventCount"":1,""events"":[{""txHash"":""173f18a943c187b177103c64de94800a9e24025d4a4b17418024deb9e359da04"",""blockNumber"":79140749,""blockTimestampMs"":1768085394000}]}",0.9,394593.7,0,1,0,0,TT4MWYLZfqc9QGpEB64jqWJuf7ypyPVfY2,false,0.75,2,,,,"[""high_risk""]",0,0
TAdsVZRSAMEJvSyXde3P8pVuUW1H8hs24D,TRON,high_risk,usdt_blacklist,2026-09-23T05:07:32.488Z,"{""eventCount"":1,""events"":[{""txHash"":""8181f35ffbaf2c5a602001de11d62fb960e3511cfdee6be0343d6ca6f062db7b"",""blockNumber"":81867016,""blockTimestampMs"":1776268755000}]}",0.9,6.15,1,1,0.029,0.159,TUfu1NNSLvXnFsT5oatRjzRJ8emYkupZDB,false,0.444,2,,,,"[""high_risk""]",0,0
TADSwVJWzqmiJVWxCa5G5SVo5PLifwMaKF,TRON,high_risk,usdt_blacklist,2026-09-23T05:07:32.488Z,"{""eventCount"":1,""events"":[{""txHash"":""6407c4334a16b09be649cb81c765efbca21af54fe713f8364cc9ab4fd48242ad"",""blockNumber"":84695971,""blockTimestampMs"":1784758410000}]}",0.9,1334.2,0,1,0.574,,TK5PB33gvQBmaxtbLnqxPXT63d8TZDdLtV,false,0.889,2,,,,"[""high_risk""]",0,0
TAdu9WqNdSFeoTkhSem2rwUXvZP6rtwP25,TRON,high_risk,usdt_blacklist,2026-09-23T05:07:32.488Z,"{""eventCount"":1,""events"":[{""txHash"":""1a1f6f1866e920f4071b6182a9f833391494ee38120727fb1585d62ffa20b208"",""blockNumber"":79140749,""blockTimestampMs"":1768085394000}]}",0.9,9903.85,2,1,0.212,0,TUkJHRfHZnDBRkFhdvbu8t1npx4C6ELHJx,false,0.347,11,,,,"[""high_risk""]",0,0
TAdwceadh1rt7wXNwVKRm2urAvTkEwyte7,TRON,high_risk,usdt_blacklist,2026-09-23T05:07:32.488Z,"{""eventCount"":1,""events"":[{""txHash"":""f1e39a7e0985c61b59e371d43dd6c44eab39c31289571c6cca9a59fab15d7b30"",""blockNumber"":81441491,""blockTimestampMs"":1774991820000}]}",0.9,26432.375,3,1,1.064,983.198,,false,0.643,10,,,,[],0,0
TADZRoKL1phdaa7bPdsiCrUoHChJtwSptq,TRON,high_risk,usdt_blacklist,2026-09-23T05:07:32.488Z,"{""eventCount"":1,""events"":[{""txHash"":""9840905ca6d0ba5b8ab4eb124b6aac4afc5b68d9c7779ab8c5b25d44f9acdf68"",""blockNumber"":86098708,""blockTimestampMs"":1788968100000}]}",0.9,,0,1,0,,TB9DtwCix3aMyDe1V4CvrRq3n75FSRsCAG,false,0,1,,,,"[""high_risk""]",0,0
TAEAgm4YsAb5spzNLyGqA3MjwpbQijKLbp,TRON,high_risk,usdt_blacklist,2026-09-23T05:07:32.488Z,"{""eventCount"":1,""events"":[{""txHash"":""7464f1f5eefc0b2f9489f7efa14108dbd22574e8cbb70f89dd960ced52f93f2a"",""blockNumber"":74841375,""blockTimestampMs"":1755183189000}]}",0.9,,0,1,0,,TCfAyy8EX5Kq9j3MowvawJNbTFAKGqHsf7,false,0,1,,,,"[""high_risk""]",0,0
TAeEHimAXuU7C3Waov9PNt1gcRTDQ61CAv,TRON,high_risk,usdt_blacklist,2026-09-23T05:07:32.488Z,"{""eventCount"":1,""events"":[{""txHash"":""d723bdb15fdae2da885dd9810c7d38c51065c59b14da67ec852271cfed8e0d8c"",""blockNumber"":82009989,""blockTimestampMs"":1776697797000}]}",0.9,4068.15,0,1,1,,,false,0.5,2,,,,"[""high_risk""]",0,0
TAEFwcT1FckZMAu9PzSqcZbUxYuMNXyQmD,TRON,high_risk,usdt_blacklist,2026-09-23T05:07:32.488Z,"{""eventCount"":1,""events"":[{""txHash"":""6fd707c84293f251130599227cd41fef99b7e32cd13613bb8654858ffb48efcc"",""blockNumber"":74064856,""blockTimestampMs"":1752852984000}]}",0.9,4691.175,2,1,1,0.014,TH7gGXzJ3PgPL7aLjDX1SnWJbEb17dYQx6,false,0.533,3,,,,"[""high_risk""]",0,0
TAEJCDZ7XKBAVE93edtiHLo5MQqGJncr5E,TRON,high_risk,usdt_blacklist,2026-09-23T05:07:32.488Z,"{""eventCount"":1,""events"":[{""txHash"":""68bfbdd1006c435f1fc41bef286a52c4da61d5b1866c8800fdf89025e611d145"",""blockNumber"":75650354,""blockTimestampMs"":1757610804000}]}",0.9,,3,1,1.241,846.835,,false,0.27,52,,,,"[""high_risk""]",0,0
TAEKKjTXhKYjewhdsxyk6T8oev8A6PriBu,TRON,high_risk,usdt_blacklist,2026-09-23T05:07:32.488Z,"{""eventCount"":1,""events"":[{""txHash"":""d81bf50150cc95dbcd94b9a66b824e30a6a6ee905cbbdf47030feee144647ee0"",""blockNumber"":75959857,""blockTimestampMs"":1758539652000}]}",0.9,227.425,1,1,1,,TFS9frnykucuhk4f3M94o5hTm9igDM5iPN,false,1,2,,,,"[""high_risk""]",0,0
TAEoh2tp3uCJ3PNv8ReYH2qEgMqdHghaeK,TRON,high_risk,usdt_blacklist,2026-09-23T05:07:32.488Z,"{""eventCount"":1,""events"":[{""txHash"":""26272dc76c6fb390b6dfb870735daa41e0266050c830ee1230e12b0b38cb33ac"",""blockNumber"":80688706,""blockTimestampMs"":1772732808000}]}",0.9,234.3,0,1,0.726,,TN5bWrqyLD5kEeiMAeDFSs4eJBga5Uwy7B,false,0,2,,,,"[""high_risk""]",0,0
TAExbXZnRfqpsXJANXHFnGrGWysqmjEZsB,TRON,high_risk,usdt_blacklist,2026-09-23T05:07:32.488Z,"{""eventCount"":1,""events"":[{""txHash"":""1cfa67e29f4d9355b8e9a40ac388a02c42afbaec1a428dd52133d72a0ede6818"",""blockNumber"":81270074,""blockTimestampMs"":1774477425000}]}",0.9,3069.25,2,1,1.232,917.381,TMjVYCqfQ5W7PUZFdRjCkCcYSTreD4A4HJ,false,0.704,5,,,,[],0,0
TAeXYFE67PCpfLNEDu78NR3kuZLPBMwPcB,TRON,high_risk,usdt_blacklist,2026-09-23T05:07:32.488Z,"{""eventCount"":1,""events"":[{""txHash"":""c2b9446d0d20eb0bbddab3c422ff8c5174a4fffb2296bc15bc294c2db59ceee8"",""blockNumber"":73882704,""blockTimestampMs"":1752306378000}]}",0.9,,0,0,,,,false,0,0,,,,"[""high_risk""]",0,0
TAey8x3F62R34hJfeYLDhXm3cbE1ehwEkw,TRON,high_risk,usdt_blacklist,2026-09-23T05:07:32.488Z,"{""eventCount"":1,""events"":[{""txHash"":""3904d2fdf01a000eda165e46f5faf6900d331d64abf42e659d00760882869f22"",""blockNumber"":77238142,""blockTimestampMs"":1762375608000}]}",0.9,263.8,6,1,0.927,0.009,TJDENsfBJs4RFETt1X1W8wMDc8M5XnJhCe,false,0.53,14,,,,"[""high_risk""]",0,0
TAeZv6wvYjdDdTYW2MJZgeYroTqeHvqGUb,TRON,licit,tron_negative_sampling,2026-09-23T05:07:32.488Z,"{""activity_evidence"":{""txCount"":400,""lastActiveAt"":1789825962000,""createdAt"":1731154329000},""usdt_holder_evidence"":{""usdtTxCount"":400,""observedAt"":1789825962000,""sampleAmount"":""2.073666""}}",1,9260.65,2,1,1.082,245.124,TK4ykR48cQQoyFcZ5N4xZCbsBaHcg6n3gJ,false,0.507,5,,,,[],0,0
TAEZXb921aw2EuQPCPLG7vvLiA6zLxD2jy,TRON,high_risk,usdt_blacklist,2026-09-23T05:07:32.488Z,"{""eventCount"":1,""events"":[{""txHash"":""3e46c4762a1a366a574899fc60e5fc1ca75362be0b6fe88afa1f9bf3df6c4e54"",""blockNumber"":74378647,""blockTimestampMs"":1753794621000}]}",0.9,16703.7,1,1,0.672,5.177,TWLxdmvnx5rJbCBkQKmQ5NHS1FTTGokqGw,false,0.207,3,,,,"[""high_risk""]",0,0
TAFeEyXppVWKF5rYtdevpntuW5UCSpADup,TRON,high_risk,usdt_blacklist,2026-09-23T05:07:32.488Z,"{""eventCount"":1,""events"":[{""txHash"":""78a8882f938772ca66a5b2dd5a59e0e33824a3b11eff6439cb021692596e6080"",""blockNumber"":73882676,""blockTimestampMs"":1752306294000}]}",0.9,,0,0,,,,false,0,0,,,,"[""high_risk""]",0,0
TAfGsxeQz9PQJ2wEgj7oR3cuiL3zCLqtWz,TRON,high_risk,usdt_blacklist,2026-09-23T05:07:32.488Z,"{""eventCount"":1,""events"":[{""txHash"":""aca6be73b1bea3d5fa796f4140eee6c011821fcb0b5affb7a965f50dbae2b58f"",""blockNumber"":76661957,""blockTimestampMs"":1760646561000}]}",0.9,,0,1,0,,TW6h84yjpjNbvuJWUHpRABedW1SJZXMStc,false,0,1,,,,"[""high_risk""]",0,0
TAfhQgfJgUfPEf3BuPPD4qkE8KjijwxLix,TRON,high_risk,usdt_blacklist,2026-09-23T05:07:32.488Z,"{""eventCount"":1,""events"":[{""txHash"":""c316f6d317496e4428693520e995b137a637490dc19c82cdb7a383a0639eb0c6"",""blockNumber"":81441098,""blockTimestampMs"":1774990641000}]}",0.9,133235.9,2,1,1.035,346.01,TH7gGXzJ3PgPL7aLjDX1SnWJbEb17dYQx6,false,0.405,9,,,,[],0,0
TAfJNU8d2eBXpwZd38S3jV6pBPuRgUJgad,TRON,high_risk,usdt_blacklist,2026-09-23T05:07:32.488Z,"{""eventCount"":1,""events"":[{""txHash"":""1b3b90a4d41eaed794df15b32e9dc0000739c852db9aff0b2a1072c6eeead83a"",""blockNumber"":81441096,""blockTimestampMs"":1774990635000}]}",0.9,19262.475,16,1,12.353,531.987,TQrY8tryqsYVCYS3MFbtffiPp2ccyn4STm,false,0.165,42,,,,[],0,0
TAfq6DEfwb91KHxKmf8im6pWhgFP59FJPo,TRON,high_risk,usdt_blacklist,2026-09-23T05:07:32.488Z,"{""eventCount"":1,""events"":[{""txHash"":""1ea57a06273d07698ac03d36cb62564e293c4f909c5f39c85f98011ff0e55847"",""blockNumber"":75959835,""blockTimestampMs"":1758539586000}]}",0.9,28.15,1,1,1,,TFS9frnykucuhk4f3M94o5hTm9igDM5iPN,false,0,2,,,,"[""high_risk""]",0,0
TAfySMiuJkDAsfgDWK81r2iGRigWnJsEx3,TRON,high_risk,usdt_blacklist,2026-09-23T05:07:32.488Z,"{""eventCount"":1,""events"":[{""txHash"":""bc2fae150973413d056f891b1480b5d430ce4d29536123037b041e79d76c5777"",""blockNumber"":83685994,""blockTimestampMs"":1781727378000}]}",0.9,24357.8,0,1,0.985,,TQX5Uuq4hf5CezbRzBhNgSd3QAPwDrMTrz,false,0.833,5,,,,"[""high_risk""]",0,0
TAG18cZpHXRKmCBaMUyxKnHjMEWnci3DTU,TRON,high_risk,usdt_blacklist,2026-09-23T05:07:32.488Z,"{""eventCount"":1,""events"":[{""txHash"":""4f8b017bbab4d2e77a8b160bffa0182a88075ec19aa5b50604d1319decd9dcb6"",""blockNumber"":86328474,""blockTimestampMs"":1789657611000}]}",0.9,8498.4,2,1,0.926,,TKfT5muYY6ywbgxb2a9JsT8s5xD1CTKujQ,false,0.753,5,,,,"[""high_risk""]",0,0
TAg9upvZrWyf9XAiHAdYbae9utWisBWNFi,TRON,high_risk,usdt_blacklist,2026-09-23T05:07:32.488Z,"{""eventCount"":1,""events"":[{""txHash"":""c35ba2a1573a224e6e8a6195348372ee5489ea04a501a4c62bb8c0d243381a13"",""blockNumber"":80291484,""blockTimestampMs"":1771539477000}]}",0.9,23513.875,4,1,0.759,,TF2eH4dRsW7zvKW6uLk4dav9LbWdLyxzHq,false,0.156,12,,,,"[""high_risk""]",0,0
TAGjwGdZJ2UGHMjXyQeowFSEa1BKFCRnsE,TRON,high_risk,usdt_blacklist,2026-09-23T05:07:32.488Z,"{""eventCount"":1,""events"":[{""txHash"":""2f7162bef360bd6edc04075fe0d80b8e8936b9d9c531c7b6b746d732faae1daa"",""blockNumber"":83513776,""blockTimestampMs"":1781210580000}]}",0.9,13724.925,2,1,0.99,0.069,TYzVp6qAW9QhMpVkAWkc3fQYgY4cvTSC9b,false,0.569,7,,,,"[""high_risk""]",0,0
TAgNMrPoPf6fGAyiwk4fUAJbfAeqzyYs4W,TRON,high_risk,usdt_blacklist,2026-09-23T05:07:32.488Z,"{""eventCount"":1,""events"":[{""txHash"":""4d97c2a98a49ccf1f5c4f6302f5a0b94d985aaffe958c3accdc0d2f99847aa3c"",""blockNumber"":81494716,""blockTimestampMs"":1775151537000}]}",0.9,170753.075,5,1,0.308,683.259,TUHpMF2TkFaJrowUYMzpuY8rzL4kNXXkuE,false,0.52,20,,,,[],0,0
TAGNsUpfVoUXFL8HDUkcDG7eqjx6FMpJyN,TRON,high_risk,usdt_blacklist,2026-09-23T05:07:32.488Z,"{""eventCount"":1,""events"":[{""txHash"":""74c414e61d567b8ac3a15c6c6865f1ebae1e9bf958fec2b99c40e48a14ce2668"",""blockNumber"":86482500,""blockTimestampMs"":1790119815000}]}",0.9,5746.1,0,1,0.993,,TBvGzsNUMvtSRMRjMYUKj3Uycmx3MMDzwQ,false,0.5,1,,,,"[""high_risk""]",0,0
TAgZxxuvfuKYJY5UPC1DXF8NPHbKtTzEGu,TRON,high_risk,ofac+usdt_blacklist,2026-09-23T05:07:32.488Z,"[{""source"":""usdt_blacklist"",""evidence"":{""eventCount"":1,""events"":[{""txHash"":""eded6cda72b0c01e72fcfc06b3f504448479f1722ff450b87d5b69f17815f660"",""blockNumber"":84075514,""blockTimestampMs"":1782896298000}]},""confidence"":0.9},{""source"":""ofac"",""evidence"":{""list"":""OFAC SDN digital-currency addresses"",""file"":""sanctioned_addresses_TRX.txt"",""repo"":""github.com/0xB10C/ofac-sanctioned-digital-currency-addresses""},""confidence"":1}]",1,500.3,0,1,1,,TXoVNrqm11FFVKcF1vEND64gibVkr1HwAR,false,1,2,,,,"[""high_risk""]",0,0
TAh853HTUh4etBxLzRurk8UZ9eVXdE358o,TRON,licit,tron_negative_sampling,2026-09-23T05:07:32.488Z,"{""activity_evidence"":{""txCount"":276,""lastActiveAt"":1787046378000,""createdAt"":1724768940000},""usdt_holder_evidence"":{""usdtTxCount"":276,""observedAt"":1787046378000,""sampleAmount"":""375588""}}",1,37367.325,2,1,3.128,624.018,TWo4t6gcHLEG2ZUqJoNGsNATbgkVkViG76,false,0.493,5,,,,[],0,0
TAHBSiKtiQzqTqxxTii1ieaiRcydyWRxuF,TRON,high_risk,usdt_blacklist,2026-09-23T05:07:32.488Z,"{""eventCount"":1,""events"":[{""txHash"":""2bc174e5e0edb8b938f206dce7f614df9d606bc40fc6e8af0444e1ece281360c"",""blockNumber"":82821108,""blockTimestampMs"":1779131844000}]}",0.9,,0,1,0,0.005,TXMMYLXg2dzNvFnd1YzsvYYSVPTH5iQi55,false,0,1,,,,"[""high_risk""]",0,0
TAhEisAmymtvxys73jn3GMYzuDkb4bGb35,TRON,licit,tron_negative_sampling,2026-09-23T05:07:32.488Z,"{""activity_evidence"":{""txCount"":125,""lastActiveAt"":1772281089000,""createdAt"":1771670574000},""usdt_holder_evidence"":{""usdtTxCount"":125,""observedAt"":1772281089000,""sampleAmount"":""29687.5""}}",1,35.5,6,1,1,0.011,TNXL8xVZ4eDeAMeX5we2GfbASLJV9JJtn7,false,0.56,12,,,,[],0,0
TAHGiZdED4CD5nYCmq35CHD4y8vLcFse3f,TRON,high_risk,usdt_blacklist,2026-09-23T05:07:32.488Z,"{""eventCount"":1,""events"":[{""txHash"":""0b10485935c1932a8cf8370ea42eca8b9b020f318393b8ec6abb494d3a3a1c4c"",""blockNumber"":73985186,""blockTimestampMs"":1752613908000}]}",0.9,1214.75,0,1,0.64,0.008,TQjBxB1amgRmj2ryVWJD4dtcEL5bqR2vwG,false,0.444,2,,,,"[""high_risk""]",0,0
TAhHpxPRwo1Bmm1A9m51uZ31tcB7EPq7SY,TRON,high_risk,ofac+usdt_blacklist,2026-09-23T05:07:32.488Z,"[{""source"":""usdt_blacklist"",""evidence"":{""eventCount"":1,""events"":[{""txHash"":""597ee50c8c07bd25d4939d34d9e2454fd950cef7959bbe4c8e53e02aa4054320"",""blockNumber"":84724163,""blockTimestampMs"":1784843010000}]},""confidence"":0.9},{""source"":""ofac"",""evidence"":{""list"":""OFAC SDN digital-currency addresses"",""file"":""sanctioned_addresses_TRX.txt"",""repo"":""github.com/0xB10C/ofac-sanctioned-digital-currency-addresses""},""confidence"":1}]",1,7932.05,2,1,1,0.002,THJUJFyTnrBWb1ijWav7qfRBrjUuKgP49Z,false,0.515,7,,,,"[""high_risk""]",0,0
TAHn7Aqs8sxU6QU9MpQszomdjARKYq6t6Y,TRON,high_risk,usdt_blacklist,2026-09-23T05:07:32.488Z,"{""eventCount"":1,""events"":[{""txHash"":""5fd558642879d6de40a3ae9389c2162d621cc6180451e26ee97fc0d5676b9b98"",""blockNumber"":83468607,""blockTimestampMs"":1781075037000}]}",0.9,3559.15,0,1,0.063,,TFMVVitPqbbaH6Y4SsJ1YcCQYZTpkbA1wW,false,0.8,3,,,,"[""high_risk""]",0,0
TAHrWBz7vhmGfVAosx4honp7sT9WNw59z2,TRON,high_risk,usdt_blacklist,2026-09-23T05:07:32.488Z,"{""eventCount"":1,""events"":[{""txHash"":""9bd593aa3ca76df8c7df828e47b0dd7b646bf2fd9b4af34f8746b032f89092bc"",""blockNumber"":73882483,""blockTimestampMs"":1752305715000}]}",0.9,,0,0,,,,false,0,0,,,,"[""high_risk""]",0,0
TAhwhFv3JpK39Nc2m8W5LPCcoTisutiRfp,TRON,high_risk,ofac+usdt_blacklist,2026-09-23T05:07:32.488Z,"[{""source"":""usdt_blacklist"",""evidence"":{""eventCount"":1,""events"":[{""txHash"":""01f768c5d6e8ad54d93bb930064a70ba386f175854d52ab1b8effd07060cdf39"",""blockNumber"":84464295,""blockTimestampMs"":1784062977000}]},""confidence"":0.9},{""source"":""ofac"",""evidence"":{""list"":""OFAC SDN digital-currency addresses"",""file"":""sanctioned_addresses_TRX.txt"",""repo"":""github.com/0xB10C/ofac-sanctioned-digital-currency-addresses""},""confidence"":1}]",1,161297.075,1,1,0.977,,TUSYcK5yf8Et4xNTiUcpfZwmhFsxfdoooo,false,0.26,7,,,,"[""high_risk""]",0,0
TAi8BdKGgaTuTBzS6iZFgwTix6Prz3QT7L,TRON,licit,tron_negative_sampling,2026-09-23T05:07:32.488Z,"{""activity_evidence"":{""txCount"":73,""lastActiveAt"":1773040662000,""createdAt"":1773031026000},""usdt_holder_evidence"":{""usdtTxCount"":73,""observedAt"":1773040662000,""sampleAmount"":""36984.46695""}}",1,28444.275,20,1,1,,TNLYyiMnpxSrA4YjoQgpFnq7M679CZwPBS,false,0.616,43,,,,[],0,0
TAig6gAMakUfPq47vTetcXfZQKAWCsnL6P,TRON,high_risk,usdt_blacklist,2026-09-23T05:07:32.488Z,"{""eventCount"":1,""events"":[{""txHash"":""b19bf7d6bea148c28f2a59f7ff822fe3956aca638c69378b9aadadda2761592d"",""blockNumber"":75959855,""blockTimestampMs"":1758539646000}]}",0.9,26.9,1,1,1,,TFS9frnykucuhk4f3M94o5hTm9igDM5iPN,false,1,2,,,,"[""high_risk""]",0,0
TAiKrFS12BpZL9FxZpcJLnWw5Gj4hSAUDS,TRON,high_risk,usdt_blacklist,2026-09-23T05:07:32.488Z,"{""eventCount"":1,""events"":[{""txHash"":""5570e4c602115451f515cedaa1d34b82c5df5a356b2b9278d76367fd2a50255e"",""blockNumber"":74810775,""blockTimestampMs"":1755091365000}]}",0.9,,0,1,0,,TSn4WXkNyvwqjnJAT4MpDMBD5DtW5oK4RV,false,1,1,,,,"[""high_risk""]",0,0
TAiVF1LMQTbm1aGmHCkAZMbfdRjC5ZJ7a5,TRON,high_risk,usdt_blacklist,2026-09-23T05:07:32.488Z,"{""eventCount"":1,""events"":[{""txHash"":""d43c21c553f2d857c2997120d3f34ca2c4908d359f5f47e7397364765273b7e0"",""blockNumber"":76653726,""blockTimestampMs"":1760621862000}]}",0.9,,0,1,0,,TUj2tHSG5jNF3ed21G4riPPKAZSRfSPe5F,false,0.333,2,,,,"[""high_risk""]",0,0
TAJ7sT2xfKhUsncEEsPkNjR8cBWcRkqfNk,TRON,high_risk,usdt_blacklist,2026-09-23T05:07:32.488Z,"{""eventCount"":1,""events"":[{""txHash"":""4183d1473ff8c41f7a501bf1bcf6a208b2dcbf0fe38a731e72823ac6d290127a"",""blockNumber"":86067705,""blockTimestampMs"":1788875004000}]}",0.9,64819.55,2,1,0.74,,TLiuCTKbU3DZCStMtgwydFMZ6zZ8E1Nhc3,false,0.585,6,,,,"[""high_risk""]",0,0
TAjBbzyJVvjNUj2MENCqUmgJfaWcLViwka,TRON,high_risk,usdt_blacklist,2026-09-23T05:07:32.488Z,"{""eventCount"":1,""events"":[{""txHash"":""3e04e33993d125a9f6e1cd89ae5719716873dd0e48e551b7a9ab416bcc3031e7"",""blockNumber"":80399959,""blockTimestampMs"":1771864992000}]}",0.9,15602.35,1,1,0.412,0.003,TPc4WPj5CFQQ37Rk4QDZyEFCv8fEx5vqLz,false,0.4,4,,,,"[""high_risk""]",0,0
TAJdpiyWa39dg8JLEBVHKGhQ3zgoqwanZn,TRON,high_risk,usdt_blacklist,2026-09-23T05:07:32.488Z,"{""eventCount"":1,""events"":[{""txHash"":""b860bba3f4572cb3cbcaaa13eb5c6c38f68b72d7925e18e714c0959b583ce9fe"",""blockNumber"":78650883,""blockTimestampMs"":1766615388000}]}",0.9,1161.85,3,1,0.757,,TK8HXfowE6tY14VrzSzenEuGzfbUj91c7z,false,0.348,10,,,,"[""high_risk""]",0,0
TAjM4KodVao1pBU2jRwZrKaqzVi3TRDLP7,TRON,licit,tron_negative_sampling,2026-09-23T05:07:32.488Z,"{""activity_evidence"":{""txCount"":12,""lastActiveAt"":1769587776000,""createdAt"":1747942287000},""usdt_holder_evidence"":{""usdtTxCount"":12,""observedAt"":1769587776000,""sampleAmount"":""500""}}",1,104970.15,1,1,1,,TCw6YaWm3y6DvxY7M8hrCDnrJGeGMumzGJ,false,1,2,,,,[],0,0
TAJMG63b26Ate8nwZKjfupVtF1bXZqGaCy,TRON,high_risk,usdt_blacklist,2026-09-23T05:07:32.488Z,"{""eventCount"":1,""events"":[{""txHash"":""67eeb9e5475b01742a22b310e5a6c4085a5669049fb6f435a99f808d43082f6e"",""blockNumber"":74673671,""blockTimestampMs"":1754679939000}]}",0.9,885.25,0,1,0.464,0.686,TMw1Mzm6FWu1iRAWUeJvW1BiYFGVZbBzZx,false,0.667,2,,,,"[""high_risk""]",0,0
TAjP9NrvGjKXfhLvPnYtLiiB2AQFHPisRK,TRON,high_risk,usdt_blacklist,2026-09-23T05:07:32.488Z,"{""eventCount"":1,""events"":[{""txHash"":""0bf86b214d4491f7188c36e3e30b33e6ce142538aa358e1a49a3cccc3cb3f028"",""blockNumber"":81494523,""blockTimestampMs"":1775150958000}]}",0.9,17379.1,2,1,1,0.791,TS98H6jSx6uv1gG1vx6CJZMeYGkMZXgQ7K,false,0.296,5,,,,[],0,0
TAjPkcUJZUFdtiDtEB4pWLvxxUi1wF2K4a,TRON,high_risk,usdt_blacklist,2026-09-23T05:07:32.488Z,"{""eventCount"":1,""events"":[{""txHash"":""5a2954dfcc63bf36b8449e138d4ed75bf7cb4a1e1357bb651bf4bd768cc85306"",""blockNumber"":81441622,""blockTimestampMs"":1774992213000}]}",0.9,,0,1,0.023,29.459,TPH43GF2Wo1CDdWJLithLJJMXNoUKAq9QK,false,0.571,6,,,,[],0,0
TAjVSq6VJcdn5moqVKRfWCMtWszEXHi9fS,TRON,high_risk,usdt_blacklist,2026-09-23T05:07:32.488Z,"{""eventCount"":1,""events"":[{""txHash"":""5fe7e53742421e537e4b608ae06164dbd7f4887648a3dc8d08f059684a8ac5b9"",""blockNumber"":85866407,""blockTimestampMs"":1788270807000}]}",0.9,22085.35,1,1,0.771,0.002,TQ3oYhos6bh9gxrWNNwvMZWqc4FDEgyqU1,false,0.318,4,,,,"[""high_risk""]",0,0
TAK4tfx8HZNRN3TpzLE7JxW4SG5vGH6H9M,TRON,high_risk,usdt_blacklist,2026-09-23T05:07:32.488Z,"{""eventCount"":1,""events"":[{""txHash"":""ffc697941b3475ac8e22ab8fe432502cce611947c47b788df783cfe37fc29fc2"",""blockNumber"":74098222,""blockTimestampMs"":1752953112000}]}",0.9,22.625,2,1,0.664,65.805,TL6tVTamHuXf4LXCWF1pELYskF66mrntbv,false,0.33,7,,,,"[""high_risk""]",0,0
TAk4uSwGLs3uk2cx9E26pxJQHia76UAoLU,TRON,high_risk,usdt_blacklist,2026-09-23T05:07:32.488Z,"{""eventCount"":1,""events"":[{""txHash"":""834cb88d3bc43d3065d82aaba396df1b2a8970ab528bb2978397ae263df8ab9a"",""blockNumber"":78503853,""blockTimestampMs"":1766173836000}]}",0.9,355.3,9,1,1.244,80.557,TSkRnX8H6NWqbgKi8NCgSKQkbZYd6JVxda,false,0.67,16,,,,"[""high_risk""]",0,0
TAKaZtkQMyzg2osiLoDbUu7MtTMJTUgZmy,TRON,high_risk,usdt_blacklist,2026-09-23T05:07:32.488Z,"{""eventCount"":1,""events"":[{""txHash"":""6175a8927423c1bc33f23b764fed9d5fd6087e84abb88e5f821016ff7bd0aa70"",""blockNumber"":74378650,""blockTimestampMs"":1753794630000}]}",0.9,9201.425,4,1,0.942,9.95,TJ5usJLLwjwn7Pw3TPbdzreG7dvgKzfQ5y,false,0.288,9,,,,"[""high_risk""]",0,0
TAKbywPqDZUjSssttfoHVwnCC2GS7nQ5Qg,TRON,licit,tron_negative_sampling,2026-09-23T05:07:32.488Z,"{""activity_evidence"":{""txCount"":19,""lastActiveAt"":1783131525000,""createdAt"":1782435663000},""usdt_holder_evidence"":{""usdtTxCount"":19,""observedAt"":1783131525000,""sampleAmount"":""366600""}}",1,4691.1,0,1,1,,TA3gtSZUbixAKGe9zWLXnJyu1NCxBQqrFv,false,0.789,3,,,,[],0,0
TAKGSh98ktCqUc4SPDZQPWrtJmni8dsihx,TRON,high_risk,usdt_blacklist,2026-09-23T05:07:32.488Z,"{""eventCount"":1,""events"":[{""txHash"":""6eb9775bbded10864814b9e7854b1837fd9e59d830e434e5d621f3131bc0e3d0"",""blockNumber"":74030468,""blockTimestampMs"":1752749790000}]}",0.9,2851.9,1,1,0.054,,THvCbDAxrGdRnYzwWLntKsiDZJ2URyLmVj,false,0.091,6,,,,"[""high_risk""]",0,0
TAkh1B75m697Vb3Qvu7Efr9f8RFhjF8j7i,TRON,high_risk,usdt_blacklist,2026-09-23T05:07:32.488Z,"{""eventCount"":1,""events"":[{""txHash"":""7671c4da80395c79e22ae35373bb1de801acc651f5672d16173ed9cb04088742"",""blockNumber"":85269481,""blockTimestampMs"":1786479471000}]}",0.9,10196.05,2,1,0.914,,TUSYcK5yf8Et4xNTiUcpfZwmhFsxfdoooo,false,0.458,6,,,,"[""high_risk""]",0,0
TAkNAASnfGiwA12A332mpU4p6V2SRArTfW,TRON,high_risk,usdt_blacklist,2026-09-23T05:07:32.488Z,"{""eventCount"":1,""events"":[{""txHash"":""b6e6ffe47bdf964626c3ed8a8a68e3af14911b8983ee34699746e7d61a5d6c8e"",""blockNumber"":74962041,""blockTimestampMs"":1755545289000}]}",0.9,2732.9,1,1,0.553,0.001,THq7DyDfkuS1hvwjyF6bK6zeqxUNZ7ykcy,false,0.154,12,,,,"[""high_risk""]",0,0
TAkPhaUhsPt4R8dF5tASsUHTqu1hw1GqpR,TRON,high_risk,usdt_blacklist,2026-09-23T05:07:32.488Z,"{""eventCount"":1,""events"":[{""txHash"":""2edc0441367dad3154d7114f93691a0c2c217bb380115da2029f268077aa1c9e"",""blockNumber"":75959833,""blockTimestampMs"":1758539580000}]}",0.9,51508.7,0,1,1,,TTyWZhVERJxWkD6creoQ9zPUAYqSB1XkKV,false,1,1,,,,"[""high_risk""]",0,0
TAkPVXF4sRbiNsjKxdz7vSDGqZQkmc5bRq,TRON,high_risk,usdt_blacklist,2026-09-23T05:07:32.488Z,"{""eventCount"":1,""events"":[{""txHash"":""314cb60f84066d27d17d17a93ade8ab5c8debe588047a741ef8f533351bf990d"",""blockNumber"":79720639,""blockTimestampMs"":1769826288000}]}",0.9,181393.625,0,1,0.507,,TRsEy4MEjZ2swFiEHXGKYamL4PSPRAR5ew,false,0.6,2,,,,"[""high_risk""]",0,0
TAkpWPt2JZdiLSkG7ZX2VAQkZQsnGZ1nqh,TRON,high_risk,ofac+usdt_blacklist,2026-09-23T05:07:32.488Z,"[{""source"":""usdt_blacklist"",""evidence"":{""eventCount"":1,""events"":[{""txHash"":""48295870c2c3ea557ddc1bcef01bb478860fb83aadfd50f85df64b528ce48c4e"",""blockNumber"":86060965,""blockTimestampMs"":1788854691000}]},""confidence"":0.9},{""source"":""ofac"",""evidence"":{""list"":""OFAC SDN digital-currency addresses"",""file"":""sanctioned_addresses_TRX.txt"",""repo"":""github.com/0xB10C/ofac-sanctioned-digital-currency-addresses""},""confidence"":1}]",1,42032.55,2,1,0.731,0.997,TQdXkgvazEg4ZRfAXGPGwYwndeYYw39qMi,false,0.367,6,,,,"[""high_risk""]",0,0
TAkyFUHBiPCjtkGdq7gDptYRgdfuNdt7W2,TRON,high_risk,usdt_blacklist,2026-09-23T05:07:32.488Z,"{""eventCount"":1,""events"":[{""txHash"":""0c8c556f39d7e82630ee7dbef8668e602cdac63611ef09e550a81a42929f3920"",""blockNumber"":82102068,""blockTimestampMs"":1776974112000}]}",0.9,2131.875,1,1,0.712,,TFTWNgDBkQ5wQoP8RXpRznnHvAVV8x5jLu,false,0.44,4,,,,"[""high_risk""]",0,0
TAkZyUSD36EHgbzdznvNkVJDnELnDyyZjG,TRON,high_risk,usdt_blacklist,2026-09-23T05:07:32.488Z,"{""eventCount"":1,""events"":[{""txHash"":""4a89422d9b229f197fc57271073b1446ae9577fcaa3188ad2ef58d8b5a07c5ec"",""blockNumber"":74673701,""blockTimestampMs"":1754680029000}]}",0.9,,0,1,0,,TDoXUNZ6PajKuiUkcYg3EDSV9bnqGqsbcf,false,1,2,,,,"[""high_risk""]",0,0
TAL2yQproCxqPCZJLeVsiXRjxZz8mqtL4x,TRON,high_risk,usdt_blacklist,2026-09-23T05:07:32.488Z,"{""eventCount"":1,""events"":[{""txHash"":""1e7bfbb8b4ba9aeffd631192a455a8894e537b83800b1675ffd9fbb27b1154f3"",""blockNumber"":80635639,""blockTimestampMs"":1772573565000}]}",0.9,2890.9,1,1,0.987,5.517,TPsW55oTCuR8Zmmyr4s1Lgx1GaJ7U3LKAt,false,0.714,3,,,,"[""high_risk""]",0,0
TALBDBU1p7SiFGEHmt6kakCLwdZSJFtDtX,TRON,licit,tron_negative_sampling,2026-09-23T05:07:32.488Z,"{""activity_evidence"":{""txCount"":98,""lastActiveAt"":1789413291000,""createdAt"":1770414093000},""usdt_holder_evidence"":{""usdtTxCount"":98,""observedAt"":1789413291000,""sampleAmount"":""2900""}}",1,23,3,1,0.999,,TSyR7L6KJHmUB3Rb3JSR2kHB1BRkRfEcgM,false,0.592,5,,,,[],0,0
TAm2Z2nLUNECjNrpsVG8RNrE1sfZ33598X,TRON,high_risk,usdt_blacklist,2026-09-23T05:07:32.488Z,"{""eventCount"":1,""events"":[{""txHash"":""2831e79fdfc29777b72e5c845eff7ed8e25fad8c11e1dcc0fb9b3855a827366c"",""blockNumber"":79197728,""blockTimestampMs"":1768256499000}]}",0.9,4176.8,1,1,0.552,0.001,TGMKkJUw9RNFrd8ECwsShosmVdjVFbLcxA,false,0.538,4,,,,"[""high_risk""]",0,0
TAm3dbB4odCHaUki13waQAKeowyFgU1Q4F,TRON,licit,tron_negative_sampling,2026-09-23T05:07:32.488Z,"{""activity_evidence"":{""txCount"":45,""lastActiveAt"":1759736100000,""createdAt"":1748077293000},""usdt_holder_evidence"":{""usdtTxCount"":45,""observedAt"":1759736100000,""sampleAmount"":""30000""}}",1,1320.3,2,1,1,,THa9RzLTdxjKmkZFJyTgdDoDVqqh1SBrEy,false,0.667,9,,,,[],0,0
TAM9KB4JuGnHYzo4MCgSKNGdbBgkVdV1sV,TRON,licit,tron_negative_sampling,2026-09-23T05:07:32.488Z,"{""activity_evidence"":{""txCount"":400,""lastActiveAt"":1771373193000,""createdAt"":1653800337000},""usdt_holder_evidence"":{""usdtTxCount"":400,""observedAt"":1771373193000,""sampleAmount"":""28""}}",1,50485.475,7,1,0.483,1136.326,,false,0.418,9,,,,[],0,0
TAmF5mpZVGr8FK8azCSmb9CspfWeKrMvpi,TRON,high_risk,usdt_blacklist,2026-09-23T05:07:32.488Z,"{""eventCount"":1,""events"":[{""txHash"":""f9e4946ac088c2c096b2564f2d04f8c14b274d9f441261c018c238a93ddce5cd"",""blockNumber"":77182673,""blockTimestampMs"":1762209153000}]}",0.9,886.55,2,1,0.362,0.191,TL75JEYMXpnmbuBp16jWCszx9q8haesw3v,false,0.651,5,,,,"[""high_risk""]",0,0
TAmhj11b4VBTtKnQdQG7EVxh62bB2Um5zm,TRON,high_risk,usdt_blacklist,2026-09-23T05:07:32.488Z,"{""eventCount"":1,""events"":[{""txHash"":""945e0bf506aaece586e234e56cab793de82b96b70db0b50d2e4501baaa50873c"",""blockNumber"":78215270,""blockTimestampMs"":1765307847000}]}",0.9,23578.45,0,1,0.206,4.282,TX5XiRXdyz7sdFwF5mnhT1QoGCpbkncpke,false,0,2,,,,"[""high_risk""]",0,0
TAmNsmoMMckQNb5obgx674QpqDFjVeNcFp,TRON,high_risk,usdt_blacklist,2026-09-23T05:07:32.488Z,"{""eventCount"":1,""events"":[{""txHash"":""2b3120b9f5e18340f239577fe021a65adf4aa38c7cddce727638070ebc0e7005"",""blockNumber"":85757736,""blockTimestampMs"":1787944695000}]}",0.9,,0,1,0,,,false,0,1,,,,"[""high_risk""]",0,0
TAmoyksrZmicdferQrkfXmhVpy2jMLSzLR,TRON,high_risk,usdt_blacklist,2026-09-23T05:07:32.488Z,"{""eventCount"":1,""events"":[{""txHash"":""ea0a82bf9003dbae238db4474bbbf00b47c704c76bab0e6226d03e696553e244"",""blockNumber"":81270071,""blockTimestampMs"":1774477416000}]}",0.9,2146.775,1,1,0.933,,,false,0.32,4,,,,[],0,0
TAMXPLUxFxc3E2mw117u18W3WhwWxHA2eX,TRON,high_risk,usdt_blacklist,2026-09-23T05:07:32.488Z,"{""eventCount"":1,""events"":[{""txHash"":""eac0a7eb0c294f42240a2d39c3928ca41d0001a1680a28feecffec0e6092202a"",""blockNumber"":86391060,""blockTimestampMs"":1789845423000}]}",0.9,44555.425,3,1,0.991,,TVbLsUN1gsuArJxR3tfFquYWFmtoZNUpXf,false,0.678,5,,,,"[""high_risk""]",0,0
TAmXuuyWAYdMZ6t1u3xdS6m8i4qx8PrMto,TRON,high_risk,usdt_blacklist,2026-09-23T05:07:32.488Z,"{""eventCount"":1,""events"":[{""txHash"":""d778e8d757edbaf1d4d5f20a0622f056de0ca6484811172bd04130cd276e0240"",""blockNumber"":79102886,""blockTimestampMs"":1767971775000}]}",0.9,1029.05,0,1,0.324,,TA5oQsRNVtyxU1wyxF5YyQtYWgfwMUjr2P,false,1,1,,,,"[""high_risk""]",0,0
TAmzUL5uU7YqRm8r3WKysZg9SF6CeVKvBc,TRON,licit,tron_negative_sampling,2026-09-23T05:07:32.488Z,"{""activity_evidence"":{""txCount"":185,""lastActiveAt"":1781807016000,""createdAt"":1736081610000},""usdt_holder_evidence"":{""usdtTxCount"":185,""observedAt"":1781807016000,""sampleAmount"":""16""}}",1,278991.7,2,1,1,,TCGPvSBDEq6LvoezDfwrCjxAP9SjUpZLD7,false,0.686,5,,,,[],0,0
TAmzWBEB7HJVH1hwg2HtJ3i4wganA5rt9z,TRON,licit,tron_negative_sampling,2026-09-23T05:07:32.488Z,"{""activity_evidence"":{""txCount"":400,""lastActiveAt"":1772260689000,""createdAt"":1760865789000},""usdt_holder_evidence"":{""usdtTxCount"":400,""observedAt"":1772260689000,""sampleAmount"":""24.000001""}}",1,2047.85,19,1,0.562,24.187,TXh5NBGggnW9jfcRUuQFdXKLJ2zuL9trnk,false,0.165,23,,,,[],0,0
TANaFZJDZXuebAYJofCcXR52o6wybo7E1c,TRON,high_risk,usdt_blacklist,2026-09-23T05:07:32.488Z,"{""eventCount"":1,""events"":[{""txHash"":""e55b2ae377334960129775fc766b7901a9ed557c2e20b81eaca6bfb217994575"",""blockNumber"":81080101,""blockTimestampMs"":1773907341000}]}",0.9,68199.15,2,1,0.307,,TYASr5UV6HEcXatwdFQfmLVUqQQQMUxHLS,false,0.577,19,,,,"[""high_risk""]",0,0
TAnP1DxhEuCtbGqX66RV8TtWdDUJzhErzp,TRON,high_risk,usdt_blacklist,2026-09-23T05:07:32.488Z,"{""eventCount"":1,""events"":[{""txHash"":""4ff37483314efb6402614a991e2e0cf2a6ce7fc8ee96d623fc10f5cbcff6897c"",""blockNumber"":86073407,""blockTimestampMs"":1788892155000}]}",0.9,19.05,2,1,1,0.001,TAdqVZB788H1c8Kbv59HRJjtTUYdWhi5z3,false,1,4,,,,"[""high_risk""]",0,0
TAnqLqgNu1KSFFAYxX5Lha6MPkVL7JYtT2,TRON,high_risk,usdt_blacklist,2026-09-23T05:07:32.488Z,"{""eventCount"":1,""events"":[{""txHash"":""15c969718baee59ca457489d4e1cd22c98d862d81d9e799912e3f0496d1cd37b"",""blockNumber"":75791268,""blockTimestampMs"":1758033735000}]}",0.9,136787.125,4,1,0.567,,,false,0.435,19,,,,"[""high_risk""]",0,0
TAnTKDLSKLig2F6DegrXiwUKSmNreoJQKv,TRON,high_risk,usdt_blacklist,2026-09-23T05:07:32.488Z,"{""eventCount"":1,""events"":[{""txHash"":""a4189fa817379bf710fdda00203007cdec1a91561145e72c594b869b2541590b"",""blockNumber"":81494521,""blockTimestampMs"":1775150952000}]}",0.9,231478.1,2,1,0.557,193.319,TU4vEruvZwLLkSfV9bNw12EJTPvNr7Pvaa,false,0.289,5,,,,[],0,0
TAnxz5oNJPsXWHadfaTCCDfKkm9hUNCNQR,TRON,high_risk,usdt_blacklist,2026-09-23T05:07:32.488Z,"{""eventCount"":1,""events"":[{""txHash"":""532854c0db76005c9ee4d5638ff152a7186e0a86cc0db838b14de13acd4e6add"",""blockNumber"":81270072,""blockTimestampMs"":1774477419000}]}",0.9,3843.975,1,1,1,22.85,TMAfjDqDNpLfLjV4AQn8m2ZzZo4wcvGR9r,false,0.14,4,,,,"[""reported""]",0,0
TAo221fv8TKxyGfTArZWiUZvU4W2amvuKC,TRON,high_risk,usdt_blacklist,2026-09-23T05:07:32.488Z,"{""eventCount"":1,""events"":[{""txHash"":""e95b02cf113e8574a978ce66b41e4ecc74f256d1990cf72ea999d4bad08fa177"",""blockNumber"":83331410,""blockTimestampMs"":1780663332000}]}",0.9,8399.875,1,1,0.879,,TV8M6aJ4ZR6bQx9ApR7RvDrbw3eeiQiGDQ,false,0.5,2,,,,"[""high_risk""]",0,0
TAoLw5yD5XUoHWeBZRSZ1ExK9HMv2CiPvP,TRON,high_risk,ofac+usdt_blacklist,2026-09-23T05:07:32.488Z,"[{""source"":""usdt_blacklist"",""evidence"":{""eventCount"":1,""events"":[{""txHash"":""7a5be5f6b38eb97f0b431f33ae0e3bdb92b98648f3befeabd9a870fc45b5f4ae"",""blockNumber"":77643594,""blockTimestampMs"":1763592318000}]},""confidence"":0.9},{""source"":""ofac"",""evidence"":{""list"":""OFAC SDN digital-currency addresses"",""file"":""sanctioned_addresses_TRX.txt"",""repo"":""github.com/0xB10C/ofac-sanctioned-digital-currency-addresses""},""confidence"":1}]",1,1365.2,3,1,1,,TCzT6NYH6eHnoxCCtYNUtL4asUMo9mUA9y,false,0.35,17,,,,"[""high_risk""]",0,0
TApayQxWTv93EsvnHhR6q2prKGhjhQmqGt,TRON,licit,tron_negative_sampling,2026-09-23T05:07:32.488Z,"{""activity_evidence"":{""txCount"":206,""lastActiveAt"":1729201455000,""createdAt"":1729112076000},""usdt_holder_evidence"":{""usdtTxCount"":206,""observedAt"":1729201455000,""sampleAmount"":""5.676456""}}",1,1170.925,0,1,0.084,0,TCsoK2rF1smEFQNsYXSqvzqM3awcwi7zMg,false,0.073,52,,,,[],0,0
TAPxWtYy11LRjCJe9aZo1d5WkFyZbWKRvy,TRON,high_risk,usdt_blacklist,2026-09-23T05:07:32.488Z,"{""eventCount"":1,""events"":[{""txHash"":""5a162d91c42b5b47384ceb229d1d1f8f3ebedfabd94bfcf859811b494912d279"",""blockNumber"":73882674,""blockTimestampMs"":1752306288000}]}",0.9,,0,0,,,,false,0,0,,,,"[""high_risk""]",0,0
TAq31qB6Ssrbm42U8dceEaHFnoJUtoNicR,TRON,high_risk,usdt_blacklist,2026-09-23T05:07:32.488Z,"{""eventCount"":1,""events"":[{""txHash"":""64c61f82ca01ca4906327548d3dd4133a4aa7a7ca3bff131fa91ad200bf2f15d"",""blockNumber"":84138918,""blockTimestampMs"":1783086570000}]}",0.9,1075.45,0,1,1,,TJupkz8XDCEtamMSmy255Hru47h7n2VLcw,false,0,1,,,,"[""high_risk""]",0,0
TAQa4FZweNjbxq69adEhPnFQeKZqkN1pJa,TRON,high_risk,usdt_blacklist,2026-09-23T05:07:32.488Z,"{""eventCount"":1,""events"":[{""txHash"":""95cecd1942ef463a0886e569fb68c3fe5ca19511be3ddc4c947f961d18d075fa"",""blockNumber"":82411924,""blockTimestampMs"":1777903938000}]}",0.9,,0,1,0,,,false,0.947,6,,,,"[""high_risk""]",0,0
TAQBTpRoV11CaPgb6XDuMT8DovQNnG2UhP,TRON,high_risk,usdt_blacklist,2026-09-23T05:07:32.488Z,"{""eventCount"":1,""events"":[{""txHash"":""804a41dd0c403f13a6082f35dac4e85835538fb768aa80ca4902f8aa2f32c383"",""blockNumber"":84520655,""blockTimestampMs"":1784232246000}]}",0.9,5122.3,1,1,0.036,,TZGiFTwFYqMVFiZAfy49P3MLuH2t1GtrBb,false,0.875,3,,,,"[""high_risk""]",0,0
TAQCqEyNeiajHQsqATeGHFDWWnKx4nVA55,TRON,high_risk,usdt_blacklist,2026-09-23T05:07:32.488Z,"{""eventCount"":1,""events"":[{""txHash"":""0a04db8740339e4f147fdb8f092f53bfeda87f887b5eeb5d3b9ba38e82738292"",""blockNumber"":79720641,""blockTimestampMs"":1769826294000}]}",0.9,46412.65,1,1,0.996,,TWS1onJnNTg8tJHomceqxBxTsUB1DHh7PV,false,0.284,12,,,,"[""high_risk""]",0,0
TAQEJQxGRTysji5yjgYamdEEKS4w9UUYEi,TRON,high_risk,usdt_blacklist,2026-09-23T05:07:32.488Z,"{""eventCount"":1,""events"":[{""txHash"":""eb2ed06e2f090b3a61ec9b2b141a148780b0234fd6b3a248a618defb23b58d4d"",""blockNumber"":81494637,""blockTimestampMs"":1775151300000}]}",0.9,293213.175,3,1,0.753,560.59,,false,0.364,9,,,,[],0,0
TAqgAmBa72vaEXBAeQdBCi6PeEkFxZ78Jq,TRON,high_risk,usdt_blacklist,2026-09-23T05:07:32.488Z,"{""eventCount"":1,""events"":[{""txHash"":""ed23c4fe09f277b31019013d4098469c30004dd39cd78ae4b0675bd8caf0793d"",""blockNumber"":82706747,""blockTimestampMs"":1778788653000}]}",0.9,2941.075,3,1,0.912,671.172,TFTWNgDBkQ5wQoP8RXpRznnHvAVV8x5jLu,false,0.623,8,,,,[],0,0
TAqJk7GBWmCc4rY4hQM3bgvry8dW5LhK11,TRON,high_risk,usdt_blacklist,2026-09-23T05:07:32.488Z,"{""eventCount"":1,""events"":[{""txHash"":""cc5bebff3962a27f5d50d0a5c45a49595b10c88607889398ca77d61ea453239f"",""blockNumber"":82296782,""blockTimestampMs"":1777558416000}]}",0.9,583.6,11,1,0.946,,TUSYcK5yf8Et4xNTiUcpfZwmhFsxfdoooo,false,0.508,22,,,,"[""high_risk""]",0,0
TAQjKpWMvy2ALxCU2ogrxcgG5Fgp76fdvX,TRON,high_risk,usdt_blacklist,2026-09-23T05:07:32.488Z,"{""eventCount"":1,""events"":[{""txHash"":""c75b8feac5477d340d2d4ee6c4b71766c3d977544bdda105827151deda509925"",""blockNumber"":81494636,""blockTimestampMs"":1775151297000}]}",0.9,16333.3,5,1,1.085,371.125,TNAERuAW8yZ3qrVbJR3vGEPyuA7kKxvy3v,false,0.668,10,,,,[],0,0
TAqMG8zhvxa5tM1re6rjXDJG5Rtf7uehG3,TRON,high_risk,usdt_blacklist,2026-09-23T05:07:32.488Z,"{""eventCount"":1,""events"":[{""txHash"":""74f6f98b303694c95d29aeb9ec6515f5892714b7e1d194d9221736151f9744ea"",""blockNumber"":84311299,""blockTimestampMs"":1783603857000}]}",0.9,52022.6,6,1,0.434,493.9,TM1zzNDZD2DPASbKcgdVoTYhfmYgtfwx9R,false,0.46,8,,,,"[""high_risk""]",0,0
TAqoApCjRMhTHdCzssEX5AfjCe4Knm4dbD,TRON,high_risk,usdt_blacklist,2026-09-23T05:07:32.488Z,"{""eventCount"":1,""events"":[{""txHash"":""0fde61ad9d825a72b9c18f7c8242eb759746d886d1c58831cf5588f7bcca7b7c"",""blockNumber"":80161046,""blockTimestampMs"":1771148043000}]}",0.9,2.95,2,1,0.505,4.224,TX5XiRXdyz7sdFwF5mnhT1QoGCpbkncpke,false,0.365,4,,,,"[""high_risk""]",0,0
TAQPzv9941nVuTj4ng2vd6L11Re57r42pW,TRON,high_risk,ofac+usdt_blacklist,2026-09-23T05:07:32.488Z,"[{""source"":""usdt_blacklist"",""evidence"":{""eventCount"":1,""events"":[{""txHash"":""e52b19142d3e68ce18f7c71d7a7bcee26aff4d305291c90750539b5b63372af8"",""blockNumber"":86060967,""blockTimestampMs"":1788854697000}]},""confidence"":0.9},{""source"":""ofac"",""evidence"":{""list"":""OFAC SDN digital-currency addresses"",""file"":""sanctioned_addresses_TRX.txt"",""repo"":""github.com/0xB10C/ofac-sanctioned-digital-currency-addresses""},""confidence"":1}]",1,,1,1,3.666,823.007,TKJKMXZMXZ4EaSLiZwqhCZ7srQDhW2LUVD,false,0.43,4,,,,"[""high_risk""]",0,0
TAQtmPdcUZKhFRjEZrib5J4KPpRAcbshWP,TRON,high_risk,usdt_blacklist,2026-09-23T05:07:32.488Z,"{""eventCount"":1,""events"":[{""txHash"":""8f1ba391f5cb6e25a9ac66741ec138cb9367fe8a4bbf2149321432f851bc5cdf"",""blockNumber"":85894979,""blockTimestampMs"":1788356547000}]}",0.9,611.5,0,1,0.753,0.652,THwyeoCMSXQq2aGDpXpSqo89VnTtFktGGp,false,0.455,3,,,,"[""high_risk""]",0,0
TAQUSxpHFCnb61Rf1sENzTH2sgYN4ootaV,TRON,high_risk,usdt_blacklist,2026-09-23T05:07:32.488Z,"{""eventCount"":1,""events"":[{""txHash"":""8cafaca06e48baeb49f54561978b4a49dac023124d621ae54b5e3d81138590d9"",""blockNumber"":76974686,""blockTimestampMs"":1761585006000}]}",0.9,99.65,1,1,0.985,0.016,TUnhnqFCS3VHAX3Vk7zHhP8nQ29q342Sb8,false,0.133,5,,,,"[""high_risk""]",0,0
TAQWRGVxCKAKDdh8MHHWr86BGdCpSTyvzC,TRON,high_risk,usdt_blacklist,2026-09-23T05:07:32.488Z,"{""eventCount"":1,""events"":[{""txHash"":""673489e94156e40d632f4084b3a81e9067882c4906a86ce9b96403511bd0bc98"",""blockNumber"":73882766,""blockTimestampMs"":1752306564000}]}",0.9,,0,0,,,,false,0,0,,,,"[""high_risk""]",0,0
TAQYMKjxYcrtufnezNyZHboWrpLAoLXqKb,TRON,high_risk,usdt_blacklist,2026-09-23T05:07:32.488Z,"{""eventCount"":1,""events"":[{""txHash"":""a6aaa31c805fb721357bccd5140baf85569bb9525a854f2581428bba35347bd1"",""blockNumber"":84711817,""blockTimestampMs"":1784805960000}]}",0.9,75.9,2,1,0.585,,TUSYcK5yf8Et4xNTiUcpfZwmhFsxfdoooo,false,0.45,7,,,,"[""high_risk""]",0,0
TAQySma5ZpKNKgN1bYZ31ZhmfHwWFn1JXJ,TRON,licit,tron_negative_sampling,2026-09-23T05:07:32.488Z,"{""activity_evidence"":{""txCount"":125,""lastActiveAt"":1789678230000,""createdAt"":1761581934000},""usdt_holder_evidence"":{""usdtTxCount"":125,""observedAt"":1789678230000,""sampleAmount"":""23430""}}",1,96245,1,1,0.834,0.025,TGKtVC84jXjXSHbafKSVepntNRebQoByDt,false,0.352,8,,,,[],0,0
TAQyyxDWQ6Ed5dzEkGXQkvrccFu4Fn11XJ,TRON,licit,tron_negative_sampling,2026-09-23T05:07:32.488Z,"{""activity_evidence"":{""txCount"":4,""lastActiveAt"":1770208695000,""createdAt"":1770208167000},""usdt_holder_evidence"":{""usdtTxCount"":4,""observedAt"":1770208695000,""sampleAmount"":""0.64009""}}",1,0.05,1,1,1,0,THzZPhRgTE7UHyHGiUzQ8oEqmFh6zjptVv,false,0,4,,,,[],0,0
TARdpCD6PM1SG7kuEpCvSQKJAUUmYAWrLa,TRON,high_risk,usdt_blacklist,2026-09-23T05:07:32.488Z,"{""eventCount"":1,""events"":[{""txHash"":""be4d1e00ffd141763c6c5d4ac6cf911334f22835ff902388bbd581cbdf841271"",""blockNumber"":73882869,""blockTimestampMs"":1752306873000}]}",0.9,,0,0,,,,false,0,0,,,,"[""high_risk""]",0,0
TArLtMmjJRLSKwFwbokpL5FFEXcwU9BTND,TRON,high_risk,usdt_blacklist,2026-09-23T05:07:32.488Z,"{""eventCount"":1,""events"":[{""txHash"":""43f3ec418978ee4113d82c24a7dd89abd3ea9a7391884e7e17edb77097cdc814"",""blockNumber"":81494522,""blockTimestampMs"":1775150955000}]}",0.9,270772.05,2,1,1.095,0.002,TFQYdfXZGCac3mGWS9ave9R7Fa7PWxPSzw,false,0.362,9,,,,[],0,0
TARmijbS8o1VCpeZaKf7P6Wm9rozMowZNV,TRON,high_risk,usdt_blacklist,2026-09-23T05:07:32.488Z,"{""eventCount"":1,""events"":[{""txHash"":""4bf390ffce2abfae940ee77997492989112dc89921f21b6b76cb805a6f3635f8"",""blockNumber"":73882428,""blockTimestampMs"":1752305550000}]}",0.9,,0,0,,,,false,0,0,,,,"[""high_risk""]",0,0
TARmrh7inEPiLvkzZiEm6vjWRheRzCrL5P,TRON,licit,tron_negative_sampling,2026-09-23T05:07:32.488Z,"{""activity_evidence"":{""txCount"":400,""lastActiveAt"":1769974275000,""createdAt"":1673456235000},""usdt_holder_evidence"":{""usdtTxCount"":400,""observedAt"":1769974275000,""sampleAmount"":""300000""}}",1,8332.4,2,1,1.398,644.341,TUzeHVp2gqZhLo2i6hEveuxY9EQ26yDarp,false,0.458,42,,,,[],0,0
TARmzmNPGGMaX2hkkW2kqvFYqoiy8KbopR,TRON,high_risk,usdt_blacklist,2026-09-23T05:07:32.488Z,"{""eventCount"":1,""events"":[{""txHash"":""222a5a4e81d5eeb8a52bdce5d16bb4aee3d24a82d977649cd2ddbf4e00eb8cfc"",""blockNumber"":83440342,""blockTimestampMs"":1780990218000}]}",0.9,209.375,2,1,0.244,,TUSYcK5yf8Et4xNTiUcpfZwmhFsxfdoooo,false,0.588,10,,,,"[""high_risk""]",0,0
TArsRuj3FVh86x5F3CQvVU14HD8E9WFVBP,TRON,high_risk,usdt_blacklist,2026-09-23T05:07:32.488Z,"{""eventCount"":1,""events"":[{""txHash"":""64055a20b994e707029bdbc7cd4a9de1138428873b44ef7666c828dc11ecc074"",""blockNumber"":75884361,""blockTimestampMs"":1758313104000}]}",0.9,47.275,1,1,0.268,,TFXv9sChEx4PUHZkP6Wb2nMht2pZrZM6oM,false,0.75,4,,,,"[""high_risk""]",0,0
TARszdG2ZXQvmVZ74PujLdZcFEy76Frf3N,TRON,high_risk,usdt_blacklist,2026-09-23T05:07:32.488Z,"{""eventCount"":1,""events"":[{""txHash"":""d1a1e414429a7d8f058fde9723b2a1cd72aed7b1efa70db12bb38fd8653c71e7"",""blockNumber"":73882868,""blockTimestampMs"":1752306870000}]}",0.9,92.05,0,1,1,,TB74swHrg14tHs6rzNLubGbxmekmBq1Dg6,false,0,1,,,,"[""high_risk""]",0,0
TAS3Tg5v1gCzPdnriwjME16Mmn8a1pf2xY,TRON,high_risk,usdt_blacklist,2026-09-23T05:07:32.488Z,"{""eventCount"":1,""events"":[{""txHash"":""ae71b31a6ca357a1378c8c22d1aa8a95b07666c46ff4e32c796d72e78875e538"",""blockNumber"":81292116,""blockTimestampMs"":1774543569000}]}",0.9,286335.2,2,1,0.243,,TEan1h9FwCGoUjpdXvRUEeupHKiQ3KxWZk,false,0.56,4,,,,[],0,0
TAsbcMvo8SDNG6K5rT3eo2LvZBTtXVabZ2,TRON,high_risk,usdt_blacklist,2026-09-23T05:07:32.488Z,"{""eventCount"":1,""events"":[{""txHash"":""8bfccfa54de112569c92d0ca1dddf0e12ede2e20ae3d51c8af5407381b33022f"",""blockNumber"":77499430,""blockTimestampMs"":1763159697000}]}",0.9,,0,1,0,,,false,1,1,,,,"[""high_risk""]",0,0
TAsbDjXSqwL5KD4hPsgGWvCLZpMQq5zDNQ,TRON,high_risk,usdt_blacklist,2026-09-23T05:07:32.488Z,"{""eventCount"":1,""events"":[{""txHash"":""d276fe803d80ab3baa3ffac8695b821435953ba61e34193d084efa2b7d557e41"",""blockNumber"":78637742,""blockTimestampMs"":1766575953000}]}",0.9,3956.4,0,1,0.886,0.002,TWVDxV7ZTwJXQ85Fdaog5rjGg8crDNiwZq,false,0.4,2,,,,"[""high_risk""]",0,0
TASBqscxGByNsPrs6SrQrAaN6GKY43z2G1,TRON,high_risk,usdt_blacklist,2026-09-23T05:07:32.488Z,"{""eventCount"":1,""events"":[{""txHash"":""16f810250c27e9f28f0563bce41732e9fbf3e2169c741a7bf943839254fd495c"",""blockNumber"":83966627,""blockTimestampMs"":1782569520000}]}",0.9,5011.9,0,1,0.003,,TCR2CBUUk4wiJ1QLkQPFgYAu5L2DB1t3eL,false,0.545,5,,,,"[""high_risk""]",0,0
TASdCVSz8uQiuRJkmNHcWhAcgMLygC5vdq,TRON,high_risk,usdt_blacklist,2026-09-23T05:07:32.488Z,"{""eventCount"":1,""events"":[{""txHash"":""b7e68578d436550642c583f354c6ae6464c14505f6a2dc8e21bf2cd6496e18a0"",""blockNumber"":80941734,""blockTimestampMs"":1773492123000}]}",0.9,,0,1,0,0.001,TJ3frYweVBhHnunH41DMr49xBLanar3a1R,false,1,1,,,,"[""high_risk""]",0,0
TAsEmVi1UeL43z1iCZcG1pso9AuZ1r6nnh,TRON,high_risk,usdt_blacklist,2026-09-23T05:07:32.488Z,"{""eventCount"":1,""events"":[{""txHash"":""5b715f4e4bd34bcb63488ec282a167c6b4d190c3388c060f5229ea59e5b134cc"",""blockNumber"":84455250,""blockTimestampMs"":1784035836000}]}",0.9,14900.4,1,1,0.907,,TLd29vgPEieFqoLYLbxp5w969zFDVG76ph,false,0.313,3,,,,"[""high_risk""]",0,0
TAsmpZC4VMeDR2G1VsqPMnfJ1UaG13n6wy,TRON,high_risk,usdt_blacklist,2026-09-23T05:07:32.488Z,"{""eventCount"":1,""events"":[{""txHash"":""eae42f16885ced62ae7a00bb83e44d2f8963969da1a8a00ccef4e36c94a59bc1"",""blockNumber"":80261934,""blockTimestampMs"":1771450803000}]}",0.9,2.1,3,1,0.758,0.002,TYY5n9PKkTFRbgWE1faGsKAXR8MutufoAs,false,0.798,6,,,,"[""high_risk""]",0,0
TASWbk6X1wiTku5TMmMQYqYFvshVEtfJy8,TRON,high_risk,ofac,2026-09-23T05:07:32.488Z,"{""list"":""OFAC SDN digital-currency addresses"",""file"":""sanctioned_addresses_TRX.txt"",""repo"":""github.com/0xB10C/ofac-sanctioned-digital-currency-addresses""}",1,47.2,6,1,1,0.002,TGsNFrgWfbGN2gX25Wcf8oTejtxtQkvmEx,false,0.451,31,,,,"[""high_risk""]",0,0
TASzc9sS3eitEMXpV4rNFCJbP66y46aJWU,TRON,high_risk,usdt_blacklist,2026-09-23T05:07:32.488Z,"{""eventCount"":1,""events"":[{""txHash"":""b3b0e9e3727da89c4fadfeb88b6d1ec12b530d8401592cffa1ffce0d7f8bd09c"",""blockNumber"":81318300,""blockTimestampMs"":1774622145000}]}",0.9,17509.2,2,1,0.072,,TUSYcK5yf8Et4xNTiUcpfZwmhFsxfdoooo,false,0.319,5,,,,"[""high_risk""]",0,0
TASzo3RFzoLPtmESdS8fD58Wz4KX1SRPTL,TRON,high_risk,usdt_blacklist,2026-09-23T05:07:32.488Z,"{""eventCount"":1,""events"":[{""txHash"":""14586292085a6444edf0bc7393f0c1b874b97a3362fb267bf2b3dfeff6ee5d8f"",""blockNumber"":76181945,""blockTimestampMs"":1759206105000}]}",0.9,137679.2,0,1,0.567,28.973,TKYjMetUbQbPJH25Uwmm3473azc3n5LtYv,false,0.4,4,,,,"[""high_risk""]",0,0
TAT3tDVTufxscButn8uCyvWrBuLqBG4XeS,TRON,high_risk,usdt_blacklist,2026-09-23T05:07:32.488Z,"{""eventCount"":1,""events"":[{""txHash"":""2e53c88c9753edd024f988cd35dbf3040f6ebe06dbc204d7575c3cbdc87a11e0"",""blockNumber"":83484981,""blockTimestampMs"":1781124171000}]}",0.9,186717.45,2,1,0.695,317.719,TAAXj5u7TGngCwuLGgYtwdcQak1nr9L5kD,false,0.549,7,,,,"[""high_risk""]",0,0
TAT8fmMQnxfnLDP1RfWNq67j3sF6Tc5Rn8,TRON,high_risk,usdt_blacklist,2026-09-23T05:07:32.488Z,"{""eventCount"":1,""events"":[{""txHash"":""f953c2a104e034d0f2024795982a02a525336dcac74dab413b93b81038551c79"",""blockNumber"":84711816,""blockTimestampMs"":1784805957000}]}",0.9,2977.775,1,1,1,,TMasBPmHm4bpv35WeRW3c8Pgs5yHTQPNkq,false,0.375,5,,,,"[""high_risk""]",0,0
TAtNGo3UEvgyDxCZH1kssbjvZ7DRVCos7r,TRON,high_risk,usdt_blacklist,2026-09-23T05:07:32.488Z,"{""eventCount"":1,""events"":[{""txHash"":""f17506e844eaca202b90dfd4f859d37ae151505ce2fcfbe7ed3d8c56013f9dc0"",""blockNumber"":77643620,""blockTimestampMs"":1763592396000}]}",0.9,9393.075,3,1,0.957,0.287,TXJFYaj9vMaESyaXS7D4miPcowhuM7Xs4z,false,0.527,10,,,,"[""high_risk""]",0,0
TAtqLDgTZVMLjFPNSkUZbuKxipdmAEP5Vq,TRON,high_risk,usdt_blacklist,2026-09-23T05:07:32.488Z,"{""eventCount"":1,""events"":[{""txHash"":""70c8e317cfba05105555f8a33123ef66f1a86e5cf404d2a4f1f29e7b77693e63"",""blockNumber"":80809709,""blockTimestampMs"":1773095919000}]}",0.9,27214.775,2,1,0.945,,TMjtxCsR3K8dCyn1YPTcA9o6dvLXoe4KMg,false,0.733,5,,,,"[""high_risk""]",0,0
TAU65dv1aAZKNZSfxmjP3bq7uBgjaZkQnp,TRON,high_risk,usdt_blacklist,2026-09-23T05:07:32.488Z,"{""eventCount"":1,""events"":[{""txHash"":""2bbefde2a61c82dbb967902a608a59a6659450133276eee118a324ed974f48f9"",""blockNumber"":81318302,""blockTimestampMs"":1774622151000}]}",0.9,193751.8,2,1,1.058,102.795,TJMm44bLD1Qx23cZmZbwCenLtNjnbYE3gW,false,0.4,5,,,,"[""high_risk""]",0,0
TAu7xuGpW7zyjTNdSWRHCJYAKjwa1eN7Gc,TRON,high_risk,usdt_blacklist,2026-09-23T05:07:32.488Z,"{""eventCount"":1,""events"":[{""txHash"":""a306b086795076fe6e629e80f8be4c4eccc4c31631d5a5198fcf711c13dbba18"",""blockNumber"":84764539,""blockTimestampMs"":1784964174000}]}",0.9,73511.825,1,1,0.495,,TBWhdHQGBpbGGBGpEn5AFPmXSrLQo2vKgF,false,0.678,4,,,,"[""high_risk""]",0,0
TAu8G2TaPjBw3TVVDKg9SjT2Wu6uijBKP2,TRON,high_risk,usdt_blacklist,2026-09-23T05:07:32.488Z,"{""eventCount"":1,""events"":[{""txHash"":""89eada32218ebb837a36261cad36a866bc7096010af523c553dda2ae9f37feb5"",""blockNumber"":75959893,""blockTimestampMs"":1758539760000}]}",0.9,11557.8,1,1,1,,TMPei4UcPjmDfrWUCRrq5fC9Vsjv9KLuM9,false,0.571,5,,,,"[""high_risk""]",0,0
TAubH3AjxkFsafxex26N2SkNcY9d7zBx1t,TRON,high_risk,usdt_blacklist,2026-09-23T05:07:32.488Z,"{""eventCount"":1,""events"":[{""txHash"":""39043ce4cba62def7a178d89598eddd6c5af68bd1c5532d30259f7d09f34a647"",""blockNumber"":78040720,""blockTimestampMs"":1764784047000}]}",0.9,60915.25,2,1,1.152,57.434,TM1zzNDZD2DPASbKcgdVoTYhfmYgtfwx9R,false,0.587,6,,,,"[""high_risk""]",0,0
TAUfXexNWVvtEAtUWoducMJjrb2mKg4Pcg,TRON,high_risk,usdt_blacklist,2026-09-23T05:07:32.488Z,"{""eventCount"":1,""events"":[{""txHash"":""68ddc507dc696647f3ba58ace7274c7afc08559a2ad09635c5eb92f51cafd4d9"",""blockNumber"":77203678,""blockTimestampMs"":1762272186000}]}",0.9,121922.4,2,1,0.961,0.29,TFpg95XqoGHZqioUdUr8vdzHJjprh3ty5C,false,0.351,6,,,,"[""high_risk""]",0,0
TAuhAs5PUwTwHaCCcv8ADuQWAbr4cEfZ4F,TRON,high_risk,usdt_blacklist,2026-09-23T05:07:32.488Z,"{""eventCount"":1,""events"":[{""txHash"":""657825b49a5abbff855d559f09c2f037ba9879c06cbc84e6b7ff119c0997ef43"",""blockNumber"":82161734,""blockTimestampMs"":1777153158000}]}",0.9,1010.45,0,1,1,,TYAUwQ3rKyjdJwDz1D6jVRyC5kjYs3N2Rt,false,0.667,1,,,,"[""high_risk""]",0,0
TAUnDaE2uGF7UG1yULjS893v5vyWk9PTQP,TRON,high_risk,usdt_blacklist,2026-09-23T05:07:32.488Z,"{""eventCount"":1,""events"":[{""txHash"":""1193aa8195466e78baba64eddd9f2c5a1191c45b57730725bf4d396ded9560ba"",""blockNumber"":77494663,""blockTimestampMs"":1763145396000}]}",0.9,,0,1,0,,,false,0,2,,,,"[""high_risk""]",0,0
TAuQuT3RPnF7uEp34XzdYhRyG2Z3xqimQg,TRON,high_risk,usdt_blacklist,2026-09-23T05:07:32.488Z,"{""eventCount"":1,""events"":[{""txHash"":""9044972a35dad80a3a6cd0d58314f22a25a61c941d449ea55b9f889730cac937"",""blockNumber"":81180600,""blockTimestampMs"":1774208922000}]}",0.9,14628.525,4,1,0.733,210.84,TAzsQ9Gx8eqFNFSKbeXrbi45CuVPHzA8wr,false,0.315,8,,,,"[""high_risk""]",0,0
TAUSKt5E7z4bQZJWU7mMQGknPYDXMnoPmf,TRON,high_risk,usdt_blacklist,2026-09-23T05:07:32.488Z,"{""eventCount"":1,""events"":[{""txHash"":""3b683292531ef13e291ce8b4166e7f2ce0819da5d6ffcd2c707fd2575078a175"",""blockNumber"":73882823,""blockTimestampMs"":1752306735000}]}",0.9,,0,0,,,,false,0,0,,,,"[""high_risk""]",0,0
TAUWswhTqahHHX3qV12qneARqMekNNoqvy,TRON,high_risk,usdt_blacklist,2026-09-23T05:07:32.488Z,"{""eventCount"":1,""events"":[{""txHash"":""a069c9c999674016b8adc359b65acc3a32d99b876d13865e7ef28d45eb25c263"",""blockNumber"":81441097,""blockTimestampMs"":1774990638000}]}",0.9,78885.35,2,1,0.352,,,false,0.618,5,,,,[],0,0
TAuwTFzPCdFpGUyF9z6z7kGqvqhXo4DdF3,TRON,high_risk,usdt_blacklist,2026-09-23T05:07:32.488Z,"{""eventCount"":1,""events"":[{""txHash"":""3142dcbfa2ba52a445c96f1af004ddab0c764d88ec51c42cb1bec1f8d804b2a1"",""blockNumber"":81292116,""blockTimestampMs"":1774543569000}]}",0.9,,0,1,0,481.12,,false,0.085,2,,,,[],0,0
TAUZBVtoAjp5kfoE3Gf5RLhxmJp8wdH8HC,TRON,high_risk,usdt_blacklist,2026-09-23T05:07:32.488Z,"{""eventCount"":1,""events"":[{""txHash"":""984e21e60b0fe2defbb7edf78533fed837e51e9d88c1d79b96de26d80fdffb43"",""blockNumber"":83824654,""blockTimestampMs"":1782143478000}]}",0.9,2075.425,1,1,0.746,,TBR1uteQvWouYPYRwbueEX5ruLTtu9g2np,false,0.25,2,,,,"[""high_risk""]",0,0
TAv7Y9LQzZKzYv8mUXpkvcFDtp8bGqQmS3,TRON,high_risk,usdt_blacklist,2026-09-23T05:07:32.488Z,"{""eventCount"":1,""events"":[{""txHash"":""e8afd3b8f7be02b0b536361ac2c1a6451bfe28a63b74090b6e592092878749fa"",""blockNumber"":82468182,""blockTimestampMs"":1778072760000}]}",0.9,3.55,7,1,0.998,0.998,TX5XiRXdyz7sdFwF5mnhT1QoGCpbkncpke,false,0.627,19,,,,"[""high_risk""]",0,0
TAvb4AuHyNjdSAYfrwp6xqvND3e3EeznkG,TRON,high_risk,usdt_blacklist,2026-09-23T05:07:32.488Z,"{""eventCount"":1,""events"":[{""txHash"":""e6028478abc2c49649d1e615152bf7fc195da8283b5036f974969f8260f5d02f"",""blockNumber"":74841370,""blockTimestampMs"":1755183174000}]}",0.9,,0,1,0,,TCfAyy8EX5Kq9j3MowvawJNbTFAKGqHsf7,false,0,1,,,,"[""high_risk""]",0,0
TAvH6BXSGZjNHY9bmt3YrFk2ETqEwc5HCk,TRON,high_risk,usdt_blacklist,2026-09-23T05:07:32.488Z,"{""eventCount"":1,""events"":[{""txHash"":""b0f5ecd5f268f4ee108ee426365477f12fedafb6f6f1ceded1a4ae7e016dab19"",""blockNumber"":81896891,""blockTimestampMs"":1776358404000}]}",0.9,2658.175,6,1,2.083,21.03,TQWasd3kcpxz5xm5kb66rWXdRgTbbd3UBn,false,0.69,11,,,,"[""high_risk""]",0,0
TAVHHswqRWgYaKv8awA5N45izD5ckYHpFd,TRON,licit,tron_negative_sampling,2026-09-23T05:07:32.488Z,"{""activity_evidence"":{""txCount"":130,""lastActiveAt"":1759255254000,""createdAt"":1752576339000},""usdt_holder_evidence"":{""usdtTxCount"":130,""observedAt"":1759255254000,""sampleAmount"":""11634.5""}}",1,3959.4,2,1,1,,THa9RzLTdxjKmkZFJyTgdDoDVqqh1SBrEy,false,0.408,6,,,,[],0,0
TAVKvfHt77vD1hQzEUzPSjsTTqNNjSYjBV,TRON,high_risk,usdt_blacklist,2026-09-23T05:07:32.488Z,"{""eventCount"":1,""events"":[{""txHash"":""835f7a4b3aae59a06b7c59c1f19c8cdc5af8ac2eb96e2dc37a3f491ccedcb391"",""blockNumber"":75959908,""blockTimestampMs"":1758539805000}]}",0.9,3.45,1,1,1,47.934,TCzq6m2zxnQkrZrf8cqYcK6bbXQYAfWYKC,false,0.692,4,,,,"[""high_risk""]",0,0
TAVovpyRa2LTHmtRnLoTMrofdVhBMpuRNz,TRON,high_risk,usdt_blacklist,2026-09-23T05:07:32.488Z,"{""eventCount"":1,""events"":[{""txHash"":""4df44054668e3d4dc4695efcceaffedb842cef14a18a815c3e6bb65317796d36"",""blockNumber"":76041079,""blockTimestampMs"":1758783393000}]}",0.9,8771.2,1,1,0.801,,TEPSrSYPDSQ7yXpMFPq91Fb1QEWpMkRGfn,false,0.51,7,,,,"[""high_risk""]",0,0
TAVsFHWvG7Kc8sFcs7u7QmxqqGPD9hu5bg,TRON,high_risk,usdt_blacklist,2026-09-23T05:07:32.488Z,"{""eventCount"":1,""events"":[{""txHash"":""582f17bb064c6e7cae6276b9b75bcf7f483fd582329912848a6c26d3b426addf"",""blockNumber"":73882528,""blockTimestampMs"":1752305850000}]}",0.9,,0,0,,,,false,0,0,,,,"[""high_risk""]",0,0
TAVVHRi9wDjskqKUVCAx6QJSZPnrqJX1qk,TRON,high_risk,usdt_blacklist,2026-09-23T05:07:32.488Z,"{""eventCount"":1,""events"":[{""txHash"":""756f208433e746343ea5586a2da31ece296e1441ac6519b1df6dcab6dc2663d1"",""blockNumber"":80377660,""blockTimestampMs"":1771798077000}]}",0.9,47.45,1,1,0.925,,TFfs12u5o6ffTnrmhwfb5zTPBej985LLYR,false,0.7,3,,,,"[""high_risk""]",0,0
TAvziLHUYzuLmxHueYTPoaVtAVNDtSM3JY,TRON,high_risk,usdt_blacklist,2026-09-23T05:07:32.488Z,"{""eventCount"":1,""events"":[{""txHash"":""4fa5d8cd6fcc878c60122d98fc428bfa7f82bf31229bbf600199033a6b84fb52"",""blockNumber"":81494789,""blockTimestampMs"":1775151756000}]}",0.9,7017.25,5,1,2.375,931.834,TQhPKHjRUcwvF22EVv84Ujf6uzHCF63vUs,false,0.628,11,,,,[],0,0
TAW56PT12XAbqjecqEzkEF9SFuW8suujtL,TRON,high_risk,usdt_blacklist,2026-09-23T05:07:32.488Z,"{""eventCount"":1,""events"":[{""txHash"":""8f6120a79d5992f34ce2624e8b05ba8f4b5194a6f49491a49b4040bd361997dc"",""blockNumber"":86476880,""blockTimestampMs"":1790102955000}]}",0.9,67464,2,1,0.723,,TBA6CypYJizwA9XdC7Ubgc5F1bxrQ7SqPt,false,0.409,5,,,,"[""high_risk""]",0,0
TAw7SiAjAaP3u1MoZS3D5nvxAfHGGSuuvV,TRON,high_risk,usdt_blacklist,2026-09-23T05:07:32.488Z,"{""eventCount"":1,""events"":[{""txHash"":""554225c1f449136c873ef23797be7290c55bcd01c7116c0ded32ed291f1798a5"",""blockNumber"":82706749,""blockTimestampMs"":1778788659000}]}",0.9,299256.2,0,1,1,,TCWjYLEwxamJAeNnB68VbsUYzj1yXjDACp,false,0.421,5,,,,"[""high_risk""]",0,0
TAWAcBDtnwm3LaYZR5TgqGBzkWJrxfgGUF,TRON,high_risk,usdt_blacklist,2026-09-23T05:07:32.488Z,"{""eventCount"":1,""events"":[{""txHash"":""a0d9768ed15e1743193c66f4817af8857e5a86105d87f67e34840449db14dfbb"",""blockNumber"":81270075,""blockTimestampMs"":1774477428000}]}",0.9,6044.9,3,1,0.663,710.527,TWd6ByGc2azWgA7SHP4WttJX46CLveHtie,false,0.623,11,,,,[],0,0
TAwKYB3UCVBn9Anp7XfZb9vsNQmxp1Q4Rr,TRON,high_risk,usdt_blacklist,2026-09-23T05:07:32.488Z,"{""eventCount"":1,""events"":[{""txHash"":""69a69120c7b2eb5ce4d944dca603468dabdf32a2cff2cfb66e9dd0358d00c27c"",""blockNumber"":73882764,""blockTimestampMs"":1752306558000}]}",0.9,,0,0,,,,false,0,0,,,,"[""high_risk""]",0,0
TAwNQN5tmzJJ694PPuoFUxQY13quBs8YgA,TRON,high_risk,ofac+usdt_blacklist,2026-09-23T05:07:32.488Z,"[{""source"":""usdt_blacklist"",""evidence"":{""eventCount"":1,""events"":[{""txHash"":""a12fb2728f6fcf074af640e4e724112b179b8263859144597827d3cf296302b1"",""blockNumber"":84074398,""blockTimestampMs"":1782892950000}]},""confidence"":0.9},{""source"":""ofac"",""evidence"":{""list"":""OFAC SDN digital-currency addresses"",""file"":""sanctioned_addresses_TRX.txt"",""repo"":""github.com/0xB10C/ofac-sanctioned-digital-currency-addresses""},""confidence"":1}]",1,,0,1,0,,,false,0,1,,,,"[""high_risk""]",0,0
TAwss6F14DXgVt1UGNoghkBrBLo7XjYvMv,TRON,high_risk,usdt_blacklist,2026-09-23T05:07:32.488Z,"{""eventCount"":1,""events"":[{""txHash"":""b659e90121e9186cd90ac7076b4fc2e7c908c3a2e60cc2c182c844d8d9a2a18b"",""blockNumber"":85443884,""blockTimestampMs"":1787002851000}]}",0.9,35119.95,2,1,0.709,632.832,TQrY8tryqsYVCYS3MFbtffiPp2ccyn4STm,false,0.663,6,,,,"[""high_risk""]",0,0
TAwwjX6evHVmtxDj3mc9RzsUj9TCdVevE3,TRON,high_risk,usdt_blacklist,2026-09-23T05:07:32.488Z,"{""eventCount"":1,""events"":[{""txHash"":""e2356619c421c927892d66f4485e8a1140425d131198a633d973ceb6c94c7685"",""blockNumber"":73882461,""blockTimestampMs"":1752305649000}]}",0.9,,0,0,,,,false,0,0,,,,"[""high_risk""]",0,0
TAWwTzokhH5kwNgLSqLxd1gHmrW6EytTLy,TRON,high_risk,usdt_blacklist,2026-09-23T05:07:32.488Z,"{""eventCount"":1,""events"":[{""txHash"":""775be62505ce5a662b79ddabd2c1adebe83a3fd71005bf16df0bc6d1fff2d9bf"",""blockNumber"":81117343,""blockTimestampMs"":1774019097000}]}",0.9,3897.05,0,1,1,,,false,0.143,4,,,,"[""high_risk""]",0,0
TAwX7GYHR9dVkbnq39VTrrepunqAFhpty9,TRON,high_risk,usdt_blacklist,2026-09-23T05:07:32.488Z,"{""eventCount"":1,""events"":[{""txHash"":""9c1f22b988caf98676a237c6744cf1737e148a7fe82d035469c111d56af5abb9"",""blockNumber"":83340857,""blockTimestampMs"":1780691679000}]}",0.9,,0,1,0,,TVgVF6adHxb2MkEaX3W9Vz74LvcyZxn4BQ,false,1,3,,,,"[""high_risk""]",0,0
TAXAi55D6gaCM8ni8Fdjb5ZZ3ujRqBaQou,TRON,high_risk,usdt_blacklist,2026-09-23T05:07:32.488Z,"{""eventCount"":1,""events"":[{""txHash"":""f8094f1564050ab869ef6520e09ead60bea19bdf6d586d6fc9c96a432f15de55"",""blockNumber"":85269479,""blockTimestampMs"":1786479465000}]}",0.9,17350.6,1,1,1,,TUaYxE76bYXQWpcMwk9MGCKVKEvSLCiN8m,false,0.051,2,,,,"[""high_risk""]",0,0
TAXDa2bEMYv2sn9VYkjWWrtcXT4UhhycvN,TRON,high_risk,usdt_blacklist,2026-09-23T05:07:32.488Z,"{""eventCount"":1,""events"":[{""txHash"":""3a7149a3d886262b2f585c60fc89ea5747286958de22a20ebe0876417ca217bc"",""blockNumber"":82252953,""blockTimestampMs"":1777426893000}]}",0.9,0.35,2,1,0,,,false,0,3,,,,"[""high_risk""]",0,0
TAXFLwgaANCcaUVJSnx2nqBPjExKU3U6qg,TRON,high_risk,usdt_blacklist,2026-09-23T05:07:32.488Z,"{""eventCount"":1,""events"":[{""txHash"":""71ad4fbec1376bcfff7a6a8b57b33da2c4db2a7b58d849dbf5e5cdd78d58be52"",""blockNumber"":73882412,""blockTimestampMs"":1752305502000}]}",0.9,,0,0,,,,false,0,0,,,,"[""high_risk""]",0,0
TAXK74LbAAm1rWNjos5FEdrmmE7Ru3XfL4,TRON,high_risk,usdt_blacklist,2026-09-23T05:07:32.488Z,"{""eventCount"":1,""events"":[{""txHash"":""92afcb5c8ecdd2e0ad10eeca3e01e1e65f0518ba55829f8dedff3b3d1968a9c7"",""blockNumber"":73882829,""blockTimestampMs"":1752306753000}]}",0.9,,0,0,,,,false,0,0,,,,"[""high_risk""]",0,0
TAxuvTVnS8LNTbqvtRito1iUKumDbftZfw,TRON,licit,tron_negative_sampling,2026-09-23T05:07:32.488Z,"{""activity_evidence"":{""txCount"":400,""lastActiveAt"":1770994956000,""createdAt"":1768984743000},""usdt_holder_evidence"":{""usdtTxCount"":400,""observedAt"":1770994956000,""sampleAmount"":""2627""}}",1,5.75,8,1,1.456,19.329,TYf3gZ68vpuEmZhLFMBYym5Wd1oJpiz4PV,false,0.683,32,,,,[],0,0
TAxuyKkXRAwkTML6qGk4V7j6ehUbbftZfw,TRON,licit,tron_negative_sampling,2026-09-23T05:07:32.488Z,"{""activity_evidence"":{""txCount"":36,""lastActiveAt"":1770909612000,""createdAt"":1770205941000},""usdt_holder_evidence"":{""usdtTxCount"":36,""observedAt"":1770909612000,""sampleAmount"":""2.999901""}}",1,0.15,2,1,1,0,TRFzN7HTESEL9zZBf4rcgq4ZzqoXbiaSrf,false,0.056,6,,,,[],0,0
TAY6XF5nKyGXxvuf8MWbruPgfvrJNpjVTR,TRON,high_risk,usdt_blacklist,2026-09-23T05:07:32.488Z,"{""eventCount"":1,""events"":[{""txHash"":""72e6c0611d9c1324fa851e5c770298165590d02fc0ebad8d92233e70e82c42d7"",""blockNumber"":83542309,""blockTimestampMs"":1781296203000}]}",0.9,16738.65,0,1,0.492,,TXzDSSaaq5GAkEYkHWUWD4RFbLEm4jA4rb,false,0.278,3,,,,"[""high_risk""]",0,0
TAyEUEVBzaAFTfqTcNtnS2BGeQ45jQXMK2,TRON,high_risk,usdt_blacklist,2026-09-23T05:07:32.488Z,"{""eventCount"":1,""events"":[{""txHash"":""baac139af949f14736c90469ef5a793dc3443feb9a8e99ed73e584ba83e7324f"",""blockNumber"":81569676,""blockTimestampMs"":1775376489000}]}",0.9,,1,1,21.568,1112.374,TM1zzNDZD2DPASbKcgdVoTYhfmYgtfwx9R,false,0.496,8,,,,"[""high_risk""]",0,0
TAYhjpL8pPs8T84FSM329nffQpc6jD8GBM,TRON,high_risk,ofac+usdt_blacklist,2026-09-23T05:07:32.488Z,"[{""source"":""usdt_blacklist"",""evidence"":{""eventCount"":1,""events"":[{""txHash"":""075d10048c048e755d1d7a9d97eb2a1ab4f94cf8b42cea920267caff1492d0a3"",""blockNumber"":74849012,""blockTimestampMs"":1755206106000}]},""confidence"":0.9},{""source"":""ofac"",""evidence"":{""list"":""OFAC SDN digital-currency addresses"",""file"":""sanctioned_addresses_TRX.txt"",""repo"":""github.com/0xB10C/ofac-sanctioned-digital-currency-addresses""},""confidence"":1}]",1,161.575,14,1,1,0.011,TFTWNgDBkQ5wQoP8RXpRznnHvAVV8x5jLu,false,0.25,26,,,,"[""high_risk""]",0,0
TAYkxw9exTF3fWAfLgpc2EPRCL1sgot2br,TRON,high_risk,usdt_blacklist,2026-09-23T05:07:32.488Z,"{""eventCount"":1,""events"":[{""txHash"":""0cb5c1c9468c21f798751e8fc93248ce332d703e1e4d3811f1b24eff1804659d"",""blockNumber"":86097672,""blockTimestampMs"":1788964992000}]}",0.9,36.3,1,1,0.698,,TV1FBNKKcmMVvAXXNUL4PLt35ywJvmGKg2,false,0.2,4,,,,"[""high_risk""]",0,0
TAYmr116QUo2FbgGxbrZ8BMgLStnnusdfJ,TRON,high_risk,usdt_blacklist,2026-09-23T05:07:32.488Z,"{""eventCount"":1,""events"":[{""txHash"":""81dea9fa0b698ea5fb8525831b26964a7a1293e4ea57ccaed1ad74d90f1e2175"",""blockNumber"":75959680,""blockTimestampMs"":1758539121000}]}",0.9,51515.1,0,1,1,,TTyWZhVERJxWkD6creoQ9zPUAYqSB1XkKV,false,1,1,,,,"[""high_risk""]",0,0
TAYobecA52Ptmve7EeUR3z4dgjwXkqVMTy,TRON,high_risk,usdt_blacklist,2026-09-23T05:07:32.488Z,"{""eventCount"":1,""events"":[{""txHash"":""f99d9af2fa106c9893217c08eb99ee268d962f6619b9b719d135dd0274dc00c2"",""blockNumber"":81292113,""blockTimestampMs"":1774543560000}]}",0.9,76242.6,1,1,0,,,false,0.494,5,,,,[],0,0
TAySoap43zAWFj8CDi7UaWAG6UVEzGDvRz,TRON,high_risk,usdt_blacklist,2026-09-23T05:07:32.488Z,"{""eventCount"":1,""events"":[{""txHash"":""a8a7e465c4bb5b08bae7aba184f93a2c83309acf2cb71e3109bfba8f76de2857"",""blockNumber"":78446996,""blockTimestampMs"":1766003217000}]}",0.9,,3,1,2.225,635.996,TLDjmNF2Z4ExsQ55i4y3uDySn7wjMNEhiS,false,0.528,9,,,,"[""high_risk""]",0,0
TAyvZwctn9y734QaPGUx5idpxEN11ZXVh9,TRON,high_risk,usdt_blacklist,2026-09-23T05:07:32.488Z,"{""eventCount"":1,""events"":[{""txHash"":""f56943d7aeb4419c843502d283847c3c67f8a98dff9e7dbd1b3948baeed84638"",""blockNumber"":73882452,""blockTimestampMs"":1752305622000}]}",0.9,,0,0,,,,false,0,0,,,,"[""high_risk""]",0,0
TAyw9L3gNoTtKCGRgKUEcBG3kw5zpfD1GC,TRON,high_risk,usdt_blacklist,2026-09-23T05:07:32.488Z,"{""eventCount"":1,""events"":[{""txHash"":""b7d6ae923d4371f10ec5aaf69295df354cc8a5d306b92c240c63f209c4c1454b"",""blockNumber"":83647749,""blockTimestampMs"":1781612613000}]}",0.9,76,4,1,1,,TUSYcK5yf8Et4xNTiUcpfZwmhFsxfdoooo,false,0.401,11,,,,"[""high_risk""]",0,0
TAyWMHJAWniehwQoLKZErKFWFVjS3ctzP2,TRON,high_risk,usdt_blacklist,2026-09-23T05:07:32.488Z,"{""eventCount"":1,""events"":[{""txHash"":""8c2fb5969bbfa4c6e7680a91a31195c10516bd3932fce0fea29d951bd642269b"",""blockNumber"":82348248,""blockTimestampMs"":1777712856000}]}",0.9,,0,1,0,,,false,1,1,,,,"[""high_risk""]",0,0
TAYx4XKsSeSe5BH2UESEWq1939JzTaVh3j,TRON,high_risk,usdt_blacklist,2026-09-23T05:07:32.488Z,"{""eventCount"":1,""events"":[{""txHash"":""c0e83928acf4ae7dae6a7cb1d5597d7a3bf4bb887e14cf657ee6985c7f6a1818"",""blockNumber"":76426500,""blockTimestampMs"":1759939992000}]}",0.9,38813.325,2,1,0.747,,TCNB3cZ9bZwxQKZ48ZJ1B6bp26NNG3H8G3,false,0.406,11,,,,"[""high_risk""]",0,0
TAyyDV6fzXizofPDdhy3oqgzvny5pw4qSQ,TRON,high_risk,usdt_blacklist,2026-09-23T05:07:32.488Z,"{""eventCount"":1,""events"":[{""txHash"":""9e9adfd04c7e45ffdc1d2ca2cfc19817921ef4d44054ee9ce4bb738c5919efd1"",""blockNumber"":73882500,""blockTimestampMs"":1752305766000}]}",0.9,,0,0,,,,false,0,0,,,,"[""high_risk""]",0,0
TAyyw6ZoTZexvTcN7WRR9t79JUFgSAvkL8,TRON,high_risk,ofac+usdt_blacklist,2026-09-23T05:07:32.488Z,"[{""source"":""usdt_blacklist"",""evidence"":{""eventCount"":1,""events"":[{""txHash"":""0a7431a42efab7b0480797c980e977f7c637b030e0d74da911ffdfce86253c1c"",""blockNumber"":84075514,""blockTimestampMs"":1782896298000}]},""confidence"":0.9},{""source"":""ofac"",""evidence"":{""list"":""OFAC SDN digital-currency addresses"",""file"":""sanctioned_addresses_TRX.txt"",""repo"":""github.com/0xB10C/ofac-sanctioned-digital-currency-addresses""},""confidence"":1}]",1,208558.25,0,1,1,,TLC3piEQ5n4tcULKHqLTGhmYFUyHUVSxck,false,1,1,,,,"[""high_risk""]",0,0
TAZ7RutWKabTf9dtvJ6zFbiwKH6LL8hX7N,TRON,high_risk,usdt_blacklist,2026-09-23T05:07:32.488Z,"{""eventCount"":1,""events"":[{""txHash"":""273a003cffe9ebec993c18023ea817fc5ee8dde4fc1f20a81afd528639ffbbbd"",""blockNumber"":85148459,""blockTimestampMs"":1786116303000}]}",0.9,,0,1,0,0.013,TRNK86CZbQuvkAv4uMFkA7if6fayKwETj4,false,0,1,,,,"[""high_risk""]",0,0
TAZ8Ms1JqUnBnnQvjq4CAusJF6ujPa3t38,TRON,high_risk,usdt_blacklist,2026-09-23T05:07:32.488Z,"{""eventCount"":1,""events"":[{""txHash"":""627b5ddda151384923dcd3b8d1978233c6e236576a3fb85d404cfc4dcd7ff3e7"",""blockNumber"":83131999,""blockTimestampMs"":1780064775000}]}",0.9,7350.45,5,1,1.052,14.995,TC6Q1hoE1hjsp3p4V6XJx7Lk6hcizThNt5,false,0.199,7,,,,"[""high_risk""]",0,0
TAzA8jgXBEBedSbvo2nRnPXgemM534j2TB,TRON,high_risk,usdt_blacklist,2026-09-23T05:07:32.488Z,"{""eventCount"":1,""events"":[{""txHash"":""ab1e67e3a8bb7782423d88d4786dc4a5747ef8ec8c07bc6a9589bf3225492604"",""blockNumber"":80827836,""blockTimestampMs"":1773150330000}]}",0.9,349.55,1,1,0.461,0.128,TN5bWrqyLD5kEeiMAeDFSs4eJBga5Uwy7B,false,0.364,2,,,,"[""high_risk""]",0,0
TAzF8HhQqFsMnk1MLEXGaDAqAaFexW5zC7,TRON,licit,tron_negative_sampling,2026-09-23T05:07:32.488Z,"{""activity_evidence"":{""txCount"":139,""lastActiveAt"":1786659996000,""createdAt"":1749457203000},""usdt_holder_evidence"":{""usdtTxCount"":139,""observedAt"":1786659996000,""sampleAmount"":""14970""}}",1,17196.85,4,1,0.843,,TZ8KzDaYPaYAoiyPUeMoxeVwFWPp1FX5px,false,0.633,7,,,,[],0,0
TAzPSKY5xZtU88UkWNtXsg3NNG3KydDM1g,TRON,licit,tron_negative_sampling,2026-09-23T05:07:32.488Z,"{""activity_evidence"":{""txCount"":6,""lastActiveAt"":1771628145000,""createdAt"":1771627899000},""usdt_holder_evidence"":{""usdtTxCount"":6,""observedAt"":1771628145000,""sampleAmount"":""199994.238333""}}",1,95.7,0,1,1,,TUSYcK5yf8Et4xNTiUcpfZwmhFsxfdoooo,false,0.333,5,,,,[],0,0
TAzUmcn6UfMH1P1bdEUmkwv6teznNnUSD6,TRON,high_risk,usdt_blacklist,2026-09-23T05:07:32.488Z,"{""eventCount"":1,""events"":[{""txHash"":""a0d9c49a0e73028883d407bf1a69711680cf10a2f3c1fa25a82b0b4e8bb5c8c1"",""blockNumber"":80399957,""blockTimestampMs"":1771864986000}]}",0.9,2596.1,2,1,0.887,0.015,TJFHAvaeczN2mmHgG221uC3MHLoeLEW3LM,false,0.5,4,,,,"[""high_risk""]",0,0
TB1aNKpHKUDrJhADaSUn5sabpsDzrfa1cM,TRON,high_risk,usdt_blacklist,2026-09-23T05:07:32.488Z,"{""eventCount"":1,""events"":[{""txHash"":""530baca3d7a17b7ee1349fab67d8c1d5b145c4d8d30117650e3b92eb526f938b"",""blockNumber"":73882759,""blockTimestampMs"":1752306543000}]}",0.9,,0,0,,,,false,0,0,,,,"[""high_risk""]",0,0
TB1Bcv3x8mg7PVV4nVM48pgHJKcYboTypU,TRON,high_risk,ofac+usdt_blacklist,2026-09-23T05:07:32.488Z,"[{""source"":""usdt_blacklist"",""evidence"":{""eventCount"":1,""events"":[{""txHash"":""1bd8f28d65b45b4bb4a3ed123561d872c0ed10582d5b0bfd9b64d283b1c81aab"",""blockNumber"":84075514,""blockTimestampMs"":1782896298000}]},""confidence"":0.9},{""source"":""ofac"",""evidence"":{""list"":""OFAC SDN digital-currency addresses"",""file"":""sanctioned_addresses_TRX.txt"",""repo"":""github.com/0xB10C/ofac-sanctioned-digital-currency-addresses""},""confidence"":1}]",1,155449.05,0,1,1,,THPfLwEGvHVgRzi7EMnviAFy5WG1feDH1p,false,1,2,,,,"[""high_risk""]",0,0
TB1K8MCrzNm55MFSRDvQtsqsipq445WBX1,TRON,high_risk,usdt_blacklist,2026-09-23T05:07:32.488Z,"{""eventCount"":1,""events"":[{""txHash"":""8c398775a55f8fdf9facad6da3ba63c1e50f9d68d2c42193942d9b0807e9aa4e"",""blockNumber"":82639386,""blockTimestampMs"":1778586510000}]}",0.9,17654.075,2,1,0.813,,TDDKy6rsDTSreZXmDgjYBdWYWxCfLozXmb,false,0.756,11,,,,"[""high_risk""]",0,0
TB1NYuVkCH2MQXN2MvCbcNbEQPrVf4kCSx,TRON,licit,tron_negative_sampling,2026-09-23T05:07:32.488Z,"{""activity_evidence"":{""txCount"":19,""lastActiveAt"":1774615794000,""createdAt"":1768412886000},""usdt_holder_evidence"":{""usdtTxCount"":19,""observedAt"":1774615794000,""sampleAmount"":""1003.531282""}}",1,13.2,1,1,1,,TWfMojP3FhHgbn1m3tA8jvZfRaETJGrHhe,false,0.421,2,,,,[],0,0
TB1P5zFoxjYai2w5Hx1Qs4tEZkoRcnG4Zk,TRON,high_risk,usdt_blacklist,2026-09-23T05:07:32.488Z,"{""eventCount"":1,""events"":[{""txHash"":""d61f78539e84cb2982aa8905c7df6436391f17c7182823e5d5dbb77594eb7eb2"",""blockNumber"":79245680,""blockTimestampMs"":1768400742000}]}",0.9,132.75,3,1,0.965,,TLmZoHaqNdqRP9DZB6gzhL9pGaVcewjx4m,false,0.413,8,,,,"[""high_risk""]",0,0
TB1ZRUnSYzTQJRCUDFH4T3NEW2dyen2JPA,TRON,high_risk,usdt_blacklist,2026-09-23T05:07:32.488Z,"{""eventCount"":1,""events"":[{""txHash"":""d199ed01cc9e50bf6fe1f524187e530258805563c102474b1a4bb270b026d61b"",""blockNumber"":74552366,""blockTimestampMs"":1754315922000}]}",0.9,13707.525,2,1,1,168.055,TAJoCJsbvcbRcdUPWYzfgQv3WLKY13DSiD,false,0.657,5,,,,"[""high_risk""]",0,0
TB21WFoMPXndDq75BFncqHem2RYQZHxtgz,TRON,high_risk,usdt_blacklist,2026-09-23T05:07:32.488Z,"{""eventCount"":1,""events"":[{""txHash"":""8ced2d8a8cec5135b5ce29d476a2eb9d8604382cc40146fdb1d0a03ad91f0826"",""blockNumber"":83996862,""blockTimestampMs"":1782660249000}]}",0.9,24018.5,2,1,0.499,,TAv8LLtjQL9i5uTtw5GK4YEu813uBnE1fZ,false,0.676,8,,,,"[""high_risk""]",0,0
TB2jN5C8AuFccWo3BnkBmzUTCdin1TqMyQ,TRON,high_risk,usdt_blacklist,2026-09-23T05:07:32.488Z,"{""eventCount"":1,""events"":[{""txHash"":""0e7204fa9820d6e1e50529fa4ef9ee2078d8819e6e8cb6af5b2f68e798bbb322"",""blockNumber"":84830895,""blockTimestampMs"":1785163302000}]}",0.9,,0,1,0,,,false,0,3,,,,"[""high_risk""]",0,0
TB2nmTVQWyjGBJ4ScTG7LysQ6zWiH2vsLg,TRON,high_risk,usdt_blacklist,2026-09-23T05:07:32.488Z,"{""eventCount"":1,""events"":[{""txHash"":""bfa3d4a41350b3a2c0a0c9b79f93e4d1db60c4dd8e7f507ad24012b8e7ab9232"",""blockNumber"":83910905,""blockTimestampMs"":1782402306000}]}",0.9,18.7,1,1,0.645,,TZ14mT6FrfrGXYuF6CFC4bf4CpFGY12345,false,0.25,2,,,,"[""high_risk""]",0,0
TB2wknn16HXw2tkgY7c6vbgfR5bE6Lrvf6,TRON,high_risk,usdt_blacklist,2026-09-23T05:07:32.488Z,"{""eventCount"":1,""events"":[{""txHash"":""01a6b284f8ca79622a3e992b95b715c1956a54e316d001682f2bc2bf7047c861"",""blockNumber"":81091985,""blockTimestampMs"":1773942999000}]}",0.9,1785.025,41,1,0.564,,TLB2d87tn7BaMijnVu9N1MWCca7xXQE4hq,false,0.462,52,,,,"[""high_risk""]",0,0
TB2xQq7Th8T1Uz1eQyCjiieMRqGpbuqMfK,TRON,high_risk,usdt_blacklist,2026-09-23T05:07:32.488Z,"{""eventCount"":1,""events"":[{""txHash"":""efbae84dea026d2259f45fc0df09dbbe87e498e47b74f02b6fc9e8d7da3ba570"",""blockNumber"":75430799,""blockTimestampMs"":1756951959000}]}",0.9,30137,0,1,0.055,1.122,TJL3BeTnVirUsd4QVai86VumkgvJmRb2mQ,false,0.684,6,,,,"[""high_risk""]",0,0
TB3Kp2uDTLiPXH8jREvKrqCYF9WwiVhWo6,TRON,high_risk,usdt_blacklist,2026-09-23T05:07:32.488Z,"{""eventCount"":1,""events"":[{""txHash"":""fda80d9f14beb2ed3fbbfd62b085bc2f68e135ffb0d9ec19d81af4ad6290d68b"",""blockNumber"":81441854,""blockTimestampMs"":1774992909000}]}",0.9,33104.05,2,1,0.831,550.084,TS98H6jSx6uv1gG1vx6CJZMeYGkMZXgQ7K,false,0.614,4,,,,[],0,0
TB3ZZb91jbRFjB8M5RTfPsGay2BD5krehJ,TRON,high_risk,usdt_blacklist,2026-09-23T05:07:32.488Z,"{""eventCount"":1,""events"":[{""txHash"":""bb1c34b414eec47ab3b0c682009f5e12f23fb4491f987a83de1377aa88521c2e"",""blockNumber"":74673638,""blockTimestampMs"":1754679840000}]}",0.9,,0,1,0,,,false,1,1,,,,"[""high_risk""]",0,0
TB4DUUNwvqs7SYEkJKWnH7DAmYmvTXay2B,TRON,licit,tron_negative_sampling,2026-09-23T05:07:32.488Z,"{""activity_evidence"":{""txCount"":4,""lastActiveAt"":1777011186000,""createdAt"":1777011099000},""usdt_holder_evidence"":{""usdtTxCount"":4,""observedAt"":1777011186000,""sampleAmount"":""45513.720325""}}",1,740.65,0,1,1,,TT9yqvq3wwzHwyv2DQt3KTxhBCBK4bF1in,false,0,2,,,,[],0,0
TB4W3xWh2xYhE5ABx4C4ffnWQLpmpVmdcG,TRON,high_risk,usdt_blacklist,2026-09-23T05:07:32.488Z,"{""eventCount"":1,""events"":[{""txHash"":""27a20477c4a88264f8cc81f51dc81a89c491656d9a634dc9ef3dd741b15fb6e7"",""blockNumber"":75959838,""blockTimestampMs"":1758539595000}]}",0.9,51489.1,0,1,1,,TTyWZhVERJxWkD6creoQ9zPUAYqSB1XkKV,false,1,1,,,,"[""high_risk""]",0,0
TB5J8W166YTUmtpUsy4XnNTKLVtesuE9eV,TRON,high_risk,ofac+usdt_blacklist,2026-09-23T05:07:32.488Z,"[{""source"":""usdt_blacklist"",""evidence"":{""eventCount"":1,""events"":[{""txHash"":""8d385bdb446114fa834e5e3818e3bcbbc3f0237386afa12a70a187495ae51d0d"",""blockNumber"":84074362,""blockTimestampMs"":1782892842000}]},""confidence"":0.9},{""source"":""ofac"",""evidence"":{""list"":""OFAC SDN digital-currency addresses"",""file"":""sanctioned_addresses_TRX.txt"",""repo"":""github.com/0xB10C/ofac-sanctioned-digital-currency-addresses""},""confidence"":1}]",1,,0,1,0,,,false,0,1,,,,"[""high_risk""]",0,0
TB5jiQrXGwMiikK5PU4ipqmSTHVGzt8jab,TRON,high_risk,usdt_blacklist,2026-09-23T05:07:32.488Z,"{""eventCount"":1,""events"":[{""txHash"":""30ca4ee760de958fc5db8540a4d6929c896508ff6159b2e213ee7c9fbdd568f9"",""blockNumber"":73882588,""blockTimestampMs"":1752306030000}]}",0.9,,0,0,,,,false,0,0,,,,"[""high_risk""]",0,0
TB5KGKKvW16gNcTGKhFbXjFnCvxk1j8Njj,TRON,high_risk,usdt_blacklist,2026-09-23T05:07:32.488Z,"{""eventCount"":1,""events"":[{""txHash"":""c3b2aaa156c2500a07eb59a6c772b80065dc949725ca1a888e8783197401b29a"",""blockNumber"":82036532,""blockTimestampMs"":1776777450000}]}",0.9,2680.75,0,1,1,,,false,0.333,2,,,,"[""high_risk""]",0,0
TB5UPBTtXYwwmSviWBkQcFM64o6R1CDXUY,TRON,high_risk,usdt_blacklist,2026-09-23T05:07:32.488Z,"{""eventCount"":1,""events"":[{""txHash"":""5a86f3b49be41398ac23110abc563e5e8797563c9df698fb5949df48555ba980"",""blockNumber"":78384151,""blockTimestampMs"":1765814628000}]}",0.9,36388.65,3,1,0.991,,TK4ykR48cQQoyFcZ5N4xZCbsBaHcg6n3gJ,false,0.641,16,,,,"[""high_risk""]",0,0
TB6agEwmYP71w9Tu5Wf8Gjtvraqz2NM2JA,TRON,high_risk,usdt_blacklist,2026-09-23T05:07:32.488Z,"{""eventCount"":1,""events"":[{""txHash"":""c36778462ca87c705a42f041627b1d13667f01c3a92ca171ee16975af16eae07"",""blockNumber"":78650886,""blockTimestampMs"":1766615397000}]}",0.9,30822.1,0,1,0.25,,TKpn4QSQ6Q1fKkF67Ljz2qmnskrLXGi9tP,false,0.567,5,,,,"[""high_risk""]",0,0
TB6kM9BfC6M5qeCFwB1JCKWESWuasG7HMB,TRON,high_risk,usdt_blacklist,2026-09-23T05:07:32.488Z,"{""eventCount"":1,""events"":[{""txHash"":""7f0bcbd69659b68d849a236fb72fc2acf82d590749003f672c757e4fd731bd11"",""blockNumber"":78600025,""blockTimestampMs"":1766462772000}]}",0.9,12023.35,0,1,0,106.107,TR5taHxrgQm5VTZBpzuo1P9CVSQ2rqF6NX,false,0.714,3,,,,"[""high_risk""]",0,0
TB6SSv5BeECF5CPc8Q6EbSFthk5SQfrkj2,TRON,high_risk,usdt_blacklist,2026-09-23T05:07:32.488Z,"{""eventCount"":1,""events"":[{""txHash"":""2ea52714ba67f78839f71f81ba82dd2e25c587466216d2f7ae2ae3424ceeada1"",""blockNumber"":81292115,""blockTimestampMs"":1774543566000}]}",0.9,88279.4,1,1,0.997,,TBSyTDsBaAJ64A55mUojzT3mL6Q46jHYke,false,0.5,3,,,,[],0,0
TB73ShfgSqVyakXyoMjNXN6Y7y6SBKWzWx,TRON,licit,tron_negative_sampling,2026-09-23T05:07:32.488Z,"{""activity_evidence"":{""txCount"":400,""lastActiveAt"":1790139900000,""createdAt"":1724254926000},""usdt_holder_evidence"":{""usdtTxCount"":400,""observedAt"":1790139900000,""sampleAmount"":""5945.777769""}}",1,415.55,11,1,0.69,759.015,TM1zzNDZD2DPASbKcgdVoTYhfmYgtfwx9R,false,0.253,17,,,,[],0,0
TB8PiTX9KcEpXKiZoW1AoUyNgyvr7wVwcj,TRON,licit,tron_negative_sampling,2026-09-23T05:07:32.488Z,"{""activity_evidence"":{""txCount"":95,""lastActiveAt"":1764634479000,""createdAt"":1763022954000},""usdt_holder_evidence"":{""usdtTxCount"":95,""observedAt"":1764634479000,""sampleAmount"":""858.56832""}}",1,11.3,3,1,1,0.688,TL3gY2GjmG6svzmE1sEKPrGWadjyTcHn71,false,0.568,6,,,,[],0,0
TB8qvmzwsGJhGc4qs5nr3Ud6sPdEF4m4AK,TRON,licit,tron_negative_sampling,2026-09-23T05:07:32.488Z,"{""activity_evidence"":{""txCount"":79,""lastActiveAt"":1783853619000,""createdAt"":1705857984000},""usdt_holder_evidence"":{""usdtTxCount"":79,""observedAt"":1783853619000,""sampleAmount"":""13026""}}",1,6339.525,1,1,1,,TMQc1o6qNo4BxxU8ZgyhovEiTQeA5BFLMy,false,0.152,13,,,,[],0,0
TBaKkLuR8DsLiDA6mDRWg2X3hH2jQgY8TR,TRON,licit,tron_negative_sampling,2026-09-23T05:07:32.488Z,"{""activity_evidence"":{""txCount"":240,""lastActiveAt"":1790086791000,""createdAt"":1709713101000},""usdt_holder_evidence"":{""usdtTxCount"":240,""observedAt"":1790086791000,""sampleAmount"":""17000""}}",1,110641.35,1,1,8.507,774.184,TDbdDwwms1m1gireDNAuCnSP7PkBogo9A2,false,0.296,5,,,,[],0,0
TBBaymBXk4yYPmzg1iXnKGaedrQPBcyovg,TRON,licit,tron_negative_sampling,2026-09-23T05:07:32.488Z,"{""activity_evidence"":{""txCount"":330,""lastActiveAt"":1761744564000,""createdAt"":1716105708000},""usdt_holder_evidence"":{""usdtTxCount"":330,""observedAt"":1761744564000,""sampleAmount"":""956.7""}}",1,113395.8,2,1,1.003,29.014,TFVLnLEAcF7psYb5WJfGgx2fHeDqhMUA7E,false,0.424,10,,,,[],0,0
TBE6hWru4BS3pTgvDJucY3zmsQJs4VCCxu,TRON,licit,tron_negative_sampling,2026-09-23T05:07:32.488Z,"{""activity_evidence"":{""txCount"":5,""lastActiveAt"":1721722425000,""createdAt"":1721681661000},""usdt_holder_evidence"":{""usdtTxCount"":5,""observedAt"":1721722425000,""sampleAmount"":""50""}}",1,4132.35,0,1,1,,TXdAKmJZZZPh8DjNSLDRwupmq8enW8uXPb,false,0.4,1,,,,[],0,0
TBETqZtM7dBNtEyqSfqqvzuYAx2iw7yauT,TRON,licit,tron_negative_sampling,2026-09-23T05:07:32.488Z,"{""activity_evidence"":{""txCount"":400,""lastActiveAt"":1776208863000,""createdAt"":1687680138000},""usdt_holder_evidence"":{""usdtTxCount"":400,""observedAt"":1776208863000,""sampleAmount"":""4186""}}",1,997.35,3,1,2.244,992.208,TNXoiAJ3dct8Fjg4M9fkLFh9S2v9TXc32G,false,0.613,10,,,,[],0,0
TBGhZpRMvnoWC7rt6Jp2kpeTf9JrCXBuMv,TRON,licit,tron_negative_sampling,2026-09-23T05:07:32.488Z,"{""activity_evidence"":{""txCount"":65,""lastActiveAt"":1779607101000,""createdAt"":1694953245000},""usdt_holder_evidence"":{""usdtTxCount"":65,""observedAt"":1779607101000,""sampleAmount"":""5""}}",1,17282.4,2,1,1,,THA5haTREitJbRUpogw1qYRCQxmHEVD4zk,false,0.569,5,,,,[],0,0
TBhtd8xpAEZTWgGtZW6PYxxxxWwXYcsnQR,TRON,licit,tron_negative_sampling,2026-09-23T05:07:32.488Z,"{""activity_evidence"":{""txCount"":400,""lastActiveAt"":1784383476000,""createdAt"":1730867529000},""usdt_holder_evidence"":{""usdtTxCount"":400,""observedAt"":1784383476000,""sampleAmount"":""94.4""}}",1,932.675,0,2,0.991,9.399,TRn49CrPZdeCutYMDfHjMcLSCnF2V5TbFk,false,0.133,198,,,,[],0,0
TBhZLrcTxRYg19nBSbmjP3ruKv2oVDQy9G,TRON,licit,tron_negative_sampling,2026-09-23T05:07:32.488Z,"{""activity_evidence"":{""txCount"":112,""lastActiveAt"":1772644053000,""createdAt"":1768334418000},""usdt_holder_evidence"":{""usdtTxCount"":112,""observedAt"":1772644053000,""sampleAmount"":""41226""}}",1,18011.775,2,1,1,0.327,TJWkCSM3vnLWJSfGiEwPXPr5fUCS9smG1r,false,0.652,10,,,,[],0,0
TBJW1nRc63W21ARsTmNNF5faTHoXZP55pc,TRON,licit,tron_negative_sampling,2026-09-23T05:07:32.488Z,"{""activity_evidence"":{""txCount"":400,""lastActiveAt"":1750676865000,""createdAt"":1726787049000},""usdt_holder_evidence"":{""usdtTxCount"":400,""observedAt"":1750676865000,""sampleAmount"":""34280.143343""}}",1,683.7,47,3,64.377,32.61,TFP4fXjsQJaja9t657rZRniCNykfe6G2R5,false,0.18,175,,,,[],0,0
TBk29ML5vw5adKVESxwbAz6SYUdhKaVpmU,TRON,licit,tron_negative_sampling,2026-09-23T05:07:32.488Z,"{""activity_evidence"":{""txCount"":4,""lastActiveAt"":1770221952000,""createdAt"":1770133389000},""usdt_holder_evidence"":{""usdtTxCount"":4,""observedAt"":1770221952000,""sampleAmount"":""0.71009""}}",1,0.025,1,1,1,0,THzZPhRgTE7UHyHGiUzQ8oEqmFh6zjptVv,false,0,2,,,,[],0,0
TBk2XEuJZn7uZrMD5EuYewpYScyWKaVqmU,TRON,licit,tron_negative_sampling,2026-09-23T05:07:32.488Z,"{""activity_evidence"":{""txCount"":44,""lastActiveAt"":1772901129000,""createdAt"":1769697519000},""usdt_holder_evidence"":{""usdtTxCount"":44,""observedAt"":1772901129000,""sampleAmount"":""980""}}",1,17247.45,2,1,1,,TUSYcK5yf8Et4xNTiUcpfZwmhFsxfdoooo,false,0.5,4,,,,[],0,0
TBKvhtjnqXBZmGBqMNdXow4GVT7gqJ1ch3,TRON,licit,tron_negative_sampling,2026-09-23T05:07:32.488Z,"{""activity_evidence"":{""txCount"":2,""lastActiveAt"":1769858940000,""createdAt"":1769858928000},""usdt_holder_evidence"":{""usdtTxCount"":2,""observedAt"":1769858940000,""sampleAmount"":""1.701""}}",1,0.05,1,1,1,0,,false,0,2,,,,[],0,0
TBKvoa4k4ccC2cZg1DQnVaua4nJgqJ1ch3,TRON,licit,tron_negative_sampling,2026-09-23T05:07:32.488Z,"{""activity_evidence"":{""txCount"":257,""lastActiveAt"":1770236727000,""createdAt"":1763969355000},""usdt_holder_evidence"":{""usdtTxCount"":257,""observedAt"":1770236727000,""sampleAmount"":""93""}}",1,474.1,3,1,1,,TL5WyP4jpX1R7fUFM5MprhYAmjsLRLSb1f,false,0.778,5,,,,[],0,0
TBLLvQoEg9YHGTXvQuCdu5KBimeHKkEyix,TRON,licit,tron_negative_sampling,2026-09-23T05:07:32.488Z,"{""activity_evidence"":{""txCount"":400,""lastActiveAt"":1786330836000,""createdAt"":1768130754000},""usdt_holder_evidence"":{""usdtTxCount"":400,""observedAt"":1786330836000,""sampleAmount"":""109141""}}",1,297.45,6,1,1.183,180.007,TA6qtZxrkpEvrCYgoW9fbSDXHAZXJQbrow,false,0.373,11,,,,[],0,0
TBmp8gQmoLx4orG6TV9rgAxABiFSN4KKx1,TRON,licit,tron_negative_sampling,2026-09-23T05:07:32.488Z,"{""activity_evidence"":{""txCount"":86,""lastActiveAt"":1780835571000,""createdAt"":null},""usdt_holder_evidence"":{""usdtTxCount"":86,""observedAt"":1780835571000,""sampleAmount"":""1900""}}",1,9.65,1,1,1,,,false,0.767,4,,,,[],0,0
TBMzndY1bxcAbKcqcCrq3fhCUQtVpw7Gye,TRON,licit,tron_negative_sampling,2026-09-23T05:07:32.488Z,"{""activity_evidence"":{""txCount"":264,""lastActiveAt"":1776255588000,""createdAt"":1762933746000},""usdt_holder_evidence"":{""usdtTxCount"":264,""observedAt"":1776255588000,""sampleAmount"":""19997.005126""}}",1,14672.65,3,1,1,0.006,TApNqy5BNx11TiNa7oibbBUV63BY5a2sNE,false,0.561,10,,,,[],0,0
TBMznqYRP78FWHmAfBB49YZBxqpQpw7Gye,TRON,licit,tron_negative_sampling,2026-09-23T05:07:32.488Z,"{""activity_evidence"":{""txCount"":6,""lastActiveAt"":1769632077000,""createdAt"":1768836729000},""usdt_holder_evidence"":{""usdtTxCount"":6,""observedAt"":1769632077000,""sampleAmount"":""0.70009""}}",1,0.05,1,1,0.999,0,TTR5DKekXJXKyhKiZsCVy6uDEhaCCNdKeV,false,0,2,,,,[],0,0
TBpGksMJCrLFJGU7wMf1YXiJDaTh14cRin,TRON,licit,tron_negative_sampling,2026-09-23T05:07:32.488Z,"{""activity_evidence"":{""txCount"":34,""lastActiveAt"":1743060984000,""createdAt"":1734514536000},""usdt_holder_evidence"":{""usdtTxCount"":34,""observedAt"":1743060984000,""sampleAmount"":""16.66003""}}",1,105.4,2,1,1,,TShau3iBe7R6NzTGhCzbgeLwfawnQ7CcGT,false,0.059,3,,,,[],0,0
TBpGyNzYVWJbVEMdrVeWUVmzopaUthDHxt,TRON,licit,tron_negative_sampling,2026-09-23T05:07:32.488Z,"{""activity_evidence"":{""txCount"":400,""lastActiveAt"":1750676871000,""createdAt"":1727592249000},""usdt_holder_evidence"":{""usdtTxCount"":400,""observedAt"":1750676871000,""sampleAmount"":""11736.430956""}}",1,2.05,74,3,96.987,30.891,TBJW1nRc63W21ARsTmNNF5faTHoXZP55pc,false,0.083,361,,,,[],0,0
TBsr8nBezndJbHzJdpnfe7PkR8k8EutMNE,TRON,licit,tron_negative_sampling,2026-09-23T05:07:32.488Z,"{""activity_evidence"":{""txCount"":3,""lastActiveAt"":1776860163000,""createdAt"":1776860082000},""usdt_holder_evidence"":{""usdtTxCount"":3,""observedAt"":1776860163000,""sampleAmount"":""27167""}}",1,222.15,1,1,1,,TNxGrpJhKK8SwdbZFjQpnveuVUsd3jJruu,false,0,2,,,,[],0,0
TBtENunZ8VTRg9SbxH7SSixmGK5qLF8Bkr,TRON,licit,tron_negative_sampling,2026-09-23T05:07:32.488Z,"{""activity_evidence"":{""txCount"":59,""lastActiveAt"":1744042944000,""createdAt"":1731884490000},""usdt_holder_evidence"":{""usdtTxCount"":59,""observedAt"":1744042944000,""sampleAmount"":""100""}}",1,21513.9,3,1,1,,TNWazn6JxQY7NwAWaVKkZ6B75UmzinL7DD,false,0.169,5,,,,[],0,0
TBtUHP4jFi1vXSJdyZbsantW1wvEZhYNLR,TRON,licit,tron_negative_sampling,2026-09-23T05:07:32.488Z,"{""activity_evidence"":{""txCount"":3,""lastActiveAt"":1773675537000,""createdAt"":null},""usdt_holder_evidence"":{""usdtTxCount"":3,""observedAt"":1773675537000,""sampleAmount"":""388063""}}",1,6.25,2,1,1,,,false,0,3,,,,[],0,0
TBVhGk38Dm9tPKf36iu8cicNSaXzphoG6b,TRON,licit,tron_negative_sampling,2026-09-23T05:07:32.488Z,"{""activity_evidence"":{""txCount"":3,""lastActiveAt"":1771628586000,""createdAt"":1771628577000},""usdt_holder_evidence"":{""usdtTxCount"":3,""observedAt"":1771628586000,""sampleAmount"":""499996.964288""}}",1,107.45,0,1,1,,TUSYcK5yf8Et4xNTiUcpfZwmhFsxfdoooo,false,0.333,2,,,,[],0,0
TBVN1jR2DEwZJ7sQFJiDHNMJKYCS3BDfbC,TRON,licit,tron_negative_sampling,2026-09-23T05:07:32.488Z,"{""activity_evidence"":{""txCount"":25,""lastActiveAt"":1783131651000,""createdAt"":1782240189000},""usdt_holder_evidence"":{""usdtTxCount"":25,""observedAt"":1783131651000,""sampleAmount"":""124199""}}",1,5497.15,1,1,1,,TA3gtSZUbixAKGe9zWLXnJyu1NCxBQqrFv,false,0.24,3,,,,[],0,0
TBw9T6J9jhL1rVtMrySq1rUFRaWFSzZ2w8,TRON,licit,tron_negative_sampling,2026-09-23T05:07:32.488Z,"{""activity_evidence"":{""txCount"":370,""lastActiveAt"":1788250545000,""createdAt"":1689711918000},""usdt_holder_evidence"":{""usdtTxCount"":370,""observedAt"":1788250545000,""sampleAmount"":""2000""}}",1,28518.3,2,1,1.227,530.332,TC43JvqyiiGQcZ3161cJhUoyMHNj6ztMDZ,false,0.546,5,,,,[],0,0
TBxxCuTdMVrAhFszQyeWfRrZbmfaetZc9h,TRON,licit,tron_negative_sampling,2026-09-23T05:07:32.488Z,"{""activity_evidence"":{""txCount"":400,""lastActiveAt"":1789057911000,""createdAt"":1761625902000},""usdt_holder_evidence"":{""usdtTxCount"":400,""observedAt"":1789057911000,""sampleAmount"":""146500""}}",1,13.825,1,1,1.231,55.607,TCw6YaWm3y6DvxY7M8hrCDnrJGeGMumzGJ,false,0.805,5,,,,[],0,0
TBzqEhqXrJc8az9ejFMETA8rHC9C1SgTrg,TRON,licit,tron_negative_sampling,2026-09-23T05:07:32.488Z,"{""activity_evidence"":{""txCount"":13,""lastActiveAt"":1775336616000,""createdAt"":1772824266000},""usdt_holder_evidence"":{""usdtTxCount"":13,""observedAt"":1775336616000,""sampleAmount"":""395""}}",1,1.475,2,1,1,0.001,T9yWQZtQMmNdykQcpYvb9E9ptbZ6CSfxCo,false,0.385,3,,,,[],0,0
TC6x3XBcz2ZL4oG2hd5cUfSCQyig1yAuUJ,TRON,licit,tron_negative_sampling,2026-09-23T05:07:32.488Z,"{""activity_evidence"":{""txCount"":4,""lastActiveAt"":1760973969000,""createdAt"":1760885394000},""usdt_holder_evidence"":{""usdtTxCount"":4,""observedAt"":1760973969000,""sampleAmount"":""1.9248""}}",1,0.05,1,1,0.996,0,TVEioeJKuyGjx6VZt6GeYdjen2AyseHKxU,false,0,2,,,,[],0,0
TC6X4hSHmwohCKkMjdfQsD5tnNMS1yAuUJ,TRON,licit,tron_negative_sampling,2026-09-23T05:07:32.488Z,"{""activity_evidence"":{""txCount"":4,""lastActiveAt"":1766343957000,""createdAt"":1766248077000},""usdt_holder_evidence"":{""usdtTxCount"":4,""observedAt"":1766343957000,""sampleAmount"":""1""}}",1,0.375,1,1,0.995,0,,false,0,2,,,,[],0,0
TC6x9FwZ8Sb2pYHALyEmSUV6VUxP1yAuUJ,TRON,licit,tron_negative_sampling,2026-09-23T05:07:32.488Z,"{""activity_evidence"":{""txCount"":12,""lastActiveAt"":1767553050000,""createdAt"":1764163740000},""usdt_holder_evidence"":{""usdtTxCount"":12,""observedAt"":1767553050000,""sampleAmount"":""1.31333""}}",1,0.05,1,1,1,0,,false,0,2,,,,[],0,0
TC6xBJh6ZHHJvYdUhQ9VMd619RsP1yAuUJ,TRON,licit,tron_negative_sampling,2026-09-23T05:07:32.488Z,"{""activity_evidence"":{""txCount"":400,""lastActiveAt"":1775329794000,""createdAt"":1741817229000},""usdt_holder_evidence"":{""usdtTxCount"":400,""observedAt"":1775329794000,""sampleAmount"":""402313.744493""}}",1,26023.9,2,1,1.792,109.619,TTkdhwcTfRYxejdS4QTuYjhzaVYnMWouQo,false,0.175,8,,,,[],0,0
TC6xbJW2jvvQHJo1ApbKTX9nYDiZ1yAuUJ,TRON,licit,tron_negative_sampling,2026-09-23T05:07:32.488Z,"{""activity_evidence"":{""txCount"":34,""lastActiveAt"":1767871545000,""createdAt"":1760796288000},""usdt_holder_evidence"":{""usdtTxCount"":34,""observedAt"":1767871545000,""sampleAmount"":""1.30009""}}",1,0.05,1,1,1,0,TPwqVNwzU4kBA92NeAgfHQu28XSdXucS6t,false,0,2,,,,[],0,0
TC6xBr4tfFtUuEnHV4qcYe1eHmH81yAuUJ,TRON,licit,tron_negative_sampling,2026-09-23T05:07:32.488Z,"{""activity_evidence"":{""txCount"":12,""lastActiveAt"":1760183013000,""createdAt"":1758029283000},""usdt_holder_evidence"":{""usdtTxCount"":12,""observedAt"":1760183013000,""sampleAmount"":""1.44264""}}",1,0.05,1,1,1,0,TQHtYkNoMeQP1WPW8zEJnNZyszsKjfKYwx,false,0,2,,,,[],0,0
TC6xBY6mqFCzFemtm5jqfiRB468N1yAuUJ,TRON,licit,tron_negative_sampling,2026-09-23T05:07:32.488Z,"{""activity_evidence"":{""txCount"":10,""lastActiveAt"":1771929225000,""createdAt"":1771012011000},""usdt_holder_evidence"":{""usdtTxCount"":10,""observedAt"":1771929225000,""sampleAmount"":""1.9237""}}",1,0.05,1,1,1,0,,false,0,4,,,,[],0,0
TC6xoTGcWh6w8iqkBtpa9aWmwevB1yAuUJ,TRON,licit,tron_negative_sampling,2026-09-23T05:07:32.488Z,"{""activity_evidence"":{""txCount"":2,""lastActiveAt"":1760615916000,""createdAt"":1760615904000},""usdt_holder_evidence"":{""usdtTxCount"":2,""observedAt"":1760615916000,""sampleAmount"":""1.023276""}}",1,0.05,1,1,0.994,0,TVEioeJKuyGjx6VZt6GeYdjen2AyseHKxU,false,0,2,,,,[],0,0
TC6xsD6QhNfYFW2WVWifkKYiNXaN1yAuUJ,TRON,licit,tron_negative_sampling,2026-09-23T05:07:32.488Z,"{""activity_evidence"":{""txCount"":4,""lastActiveAt"":1763479581000,""createdAt"":1763291703000},""usdt_holder_evidence"":{""usdtTxCount"":4,""observedAt"":1763479581000,""sampleAmount"":""1.6231""}}",1,0.1,1,1,1,0,TLj7LiUwgvznr2k8suvtBowGk6VcSJLTSn,false,0,2,,,,[],0,0
TC6xXmgSseddiHNoLYDorn9zBwHJ1yAuUJ,TRON,licit,tron_negative_sampling,2026-09-23T05:07:32.488Z,"{""activity_evidence"":{""txCount"":4,""lastActiveAt"":1766343972000,""createdAt"":1766248116000},""usdt_holder_evidence"":{""usdtTxCount"":4,""observedAt"":1766343972000,""sampleAmount"":""1""}}",1,0.125,1,1,0.977,0,TSvKpcNNS1fXie77VLryVbnCtkEGwT3Ek8,false,0,2,,,,[],0,0
TC7fTvU1YEwNYigrfb8CaUpuzBeP1yAuUJ,TRON,licit,tron_negative_sampling,2026-09-23T05:07:32.488Z,"{""activity_evidence"":{""txCount"":2,""lastActiveAt"":1758029382000,""createdAt"":1758029352000},""usdt_holder_evidence"":{""usdtTxCount"":2,""observedAt"":1758029382000,""sampleAmount"":""1.25684""}}",1,0.3,1,1,1,0,,false,0,2,,,,[],0,0
TC8RxJj8mG1wuMhaQrXiAeBypAVPb3SKtm,TRON,licit,tron_negative_sampling,2026-09-23T05:07:32.488Z,"{""activity_evidence"":{""txCount"":307,""lastActiveAt"":1758287676000,""createdAt"":1749242253000},""usdt_holder_evidence"":{""usdtTxCount"":307,""observedAt"":1758287676000,""sampleAmount"":""179913.161375""}}",1,7291.375,3,1,1,8.445,TVkdVPxM9HA9f1dZwbKb1vXJFNHw5DsN8q,false,0.612,8,,,,[],0,0
TC96W9PwbwuTSpt6dF59nCYz9cXwQFLmXP,TRON,licit,tron_negative_sampling,2026-09-23T05:07:32.488Z,"{""activity_evidence"":{""txCount"":162,""lastActiveAt"":1775495226000,""createdAt"":1738257975000},""usdt_holder_evidence"":{""usdtTxCount"":162,""observedAt"":1775495226000,""sampleAmount"":""9995""}}",1,216164.45,1,1,1,,THRCLA8Zz7BXhybmtnMgSNa3V7o8TuGzee,false,0.222,4,,,,[],0,0
TCDhxczif9EjXxkeJxvHFtLupKfPisw3Nu,TRON,licit,tron_negative_sampling,2026-09-23T05:07:32.488Z,"{""activity_evidence"":{""txCount"":21,""lastActiveAt"":1782437571000,""createdAt"":1782189837000},""usdt_holder_evidence"":{""usdtTxCount"":21,""observedAt"":1782437571000,""sampleAmount"":""10496.65""}}",1,474.15,2,1,1,0.073,TNTSf1p2mZoa9d6DuSuTW1vLsB3hZ9EvCH,false,0.524,5,,,,[],0,0
TCdnQURGNhxsnMCKcPp2Z4fECa38jnQ6f3,TRON,licit,tron_negative_sampling,2026-09-23T05:07:32.488Z,"{""activity_evidence"":{""txCount"":66,""lastActiveAt"":1769588562000,""createdAt"":1755241806000},""usdt_holder_evidence"":{""usdtTxCount"":66,""observedAt"":1769588562000,""sampleAmount"":""66176.268101""}}",1,1892,2,1,1,51.28,TWS1onJnNTg8tJHomceqxBxTsUB1DHh7PV,false,0.591,4,,,,[],0,0
TCE3TdtWrLjrK84CdD7qocA2qAr7iZHYcT,TRON,licit,tron_negative_sampling,2026-09-23T05:07:32.488Z,"{""activity_evidence"":{""txCount"":400,""lastActiveAt"":1777647993000,""createdAt"":1727891718000},""usdt_holder_evidence"":{""usdtTxCount"":400,""observedAt"":1777647993000,""sampleAmount"":""3001""}}",1,484.05,2,1,2.393,518.55,TBSa6rByoCrjjhhYDsBm9eYwHyAtt9qmBs,false,0.465,6,,,,[],0,0
TCei8aKVyGkkZHPqBuPBUVw7CyPDU7uspn,TRON,licit,tron_negative_sampling,2026-09-23T05:07:32.488Z,"{""activity_evidence"":{""txCount"":2,""lastActiveAt"":1767246267000,""createdAt"":1767246255000},""usdt_holder_evidence"":{""usdtTxCount"":2,""observedAt"":1767246267000,""sampleAmount"":""2.3001""}}",1,0.05,1,1,1,0,,false,0,2,,,,[],0,0
TCeiDeAgJ3upoZC47Vw8yvsdigRGU7uspn,TRON,licit,tron_negative_sampling,2026-09-23T05:07:32.488Z,"{""activity_evidence"":{""txCount"":8,""lastActiveAt"":1769166912000,""createdAt"":1763354913000},""usdt_holder_evidence"":{""usdtTxCount"":8,""observedAt"":1769166912000,""sampleAmount"":""3.3001""}}",1,0.125,1,1,0.999,0,TLj7LiUwgvznr2k8suvtBowGk6VcSJLTSn,false,0,2,,,,[],0,0
TCeiG6UGKwgS9Gd8gWNd7F8MzDX2U7uspn,TRON,licit,tron_negative_sampling,2026-09-23T05:07:32.488Z,"{""activity_evidence"":{""txCount"":244,""lastActiveAt"":1790097249000,""createdAt"":1758378063000},""usdt_holder_evidence"":{""usdtTxCount"":244,""observedAt"":1790097249000,""sampleAmount"":""200""}}",1,470.875,1,1,0.946,48.327,TUT3T4AzDiz8W6so2PQPQ1KPbBCRDWQqmS,false,0.57,3,,,,[],0,0
TCeiGBH8daAqG6LbcQQyzc1PrGKiU7uspn,TRON,licit,tron_negative_sampling,2026-09-23T05:07:32.488Z,"{""activity_evidence"":{""txCount"":6,""lastActiveAt"":1769528133000,""createdAt"":1762799265000},""usdt_holder_evidence"":{""usdtTxCount"":6,""observedAt"":1769528133000,""sampleAmount"":""1.6359""}}",1,0.05,1,1,1,0,TPwqVNwzU4kBA92NeAgfHQu28XSdXucS6t,false,0,2,,,,[],0,0
TCeiuV73fHWEUnwr2iqatYWPjB2PU7uspn,TRON,licit,tron_negative_sampling,2026-09-23T05:07:32.488Z,"{""activity_evidence"":{""txCount"":6,""lastActiveAt"":1763223438000,""createdAt"":1763181465000},""usdt_holder_evidence"":{""usdtTxCount"":6,""observedAt"":1763223438000,""sampleAmount"":""1.21161""}}",1,0.05,1,1,0.998,0,,false,0,4,,,,[],0,0
TCFnNw1yzbYP2QyKqdGfXZjS9muye4edts,TRON,licit,tron_negative_sampling,2026-09-23T05:07:32.488Z,"{""activity_evidence"":{""txCount"":342,""lastActiveAt"":1788968892000,""createdAt"":1766737599000},""usdt_holder_evidence"":{""usdtTxCount"":342,""observedAt"":1788968892000,""sampleAmount"":""300.86""}}",1,65682.225,3,1,1,,TGC3ibw987XTbUYzmsZUcaZdFcCQ7P79HM,false,0.556,7,,,,[],0,0
TCGN3tgCtAeP9SX6AYcj9GsQQZ3VNu5pgZ,TRON,licit,tron_negative_sampling,2026-09-23T05:07:32.488Z,"{""activity_evidence"":{""txCount"":400,""lastActiveAt"":1789382322000,""createdAt"":1704284094000},""usdt_holder_evidence"":{""usdtTxCount"":400,""observedAt"":1789382322000,""sampleAmount"":""192.721711""}}",1,103739.15,3,1,0.404,671.891,TJAdVWSHHAr5CD9YrkYp4nnGF5YXUgPgfm,false,0.125,6,,,,[],0,0
TCJYLzsb4B4Pj5hd95Xh2anLuSLwoT8mSA,TRON,licit,tron_negative_sampling,2026-09-23T05:07:32.488Z,"{""activity_evidence"":{""txCount"":153,""lastActiveAt"":1731370932000,""createdAt"":1646430240000},""usdt_holder_evidence"":{""usdtTxCount"":153,""observedAt"":1731370932000,""sampleAmount"":""9998.15998""}}",1,447573.95,3,1,1,,,false,0.261,10,,,,[],0,0
TCmj9kHvZwM7NQW3Lz9eqgaHioAxWRyzVb,TRON,licit,tron_negative_sampling,2026-09-23T05:07:32.488Z,"{""activity_evidence"":{""txCount"":354,""lastActiveAt"":1777956963000,""createdAt"":1684959639000},""usdt_holder_evidence"":{""usdtTxCount"":354,""observedAt"":1777956963000,""sampleAmount"":""83""}}",1,250794.1,5,1,3.778,127.961,TExopYKwX5oWoxCHUwkrqFcbrFEZmcot8R,false,0.24,26,,,,[],0,0
TCMnccFj2XDmQP2cz2Rg8EY25hKTNeG1nn,TRON,licit,tron_negative_sampling,2026-09-23T05:07:32.488Z,"{""activity_evidence"":{""txCount"":143,""lastActiveAt"":1789643568000,""createdAt"":1761084765000},""usdt_holder_evidence"":{""usdtTxCount"":143,""observedAt"":1789643568000,""sampleAmount"":""600""}}",1,61187.725,1,1,1,,TYD4pB7wGi1p8zK67rBTV3KdfEb9nvNDXh,false,0.692,3,,,,[],0,0
TCoh1cf6bSiRt7ZWTTF4niRnV2x1JJ2Kt4,TRON,licit,tron_negative_sampling,2026-09-23T05:07:32.488Z,"{""activity_evidence"":{""txCount"":121,""lastActiveAt"":1772193414000,""createdAt"":1769791533000},""usdt_holder_evidence"":{""usdtTxCount"":121,""observedAt"":1772193414000,""sampleAmount"":""342.612666""}}",1,294.1,3,1,1,0.002,TGofidywuNt9MMWt7MaUnTxATdeaW7f2md,false,0.289,8,,,,[],0,0
TCqgDt4ozSfQY3BQ1ReJCXJe6xGQBQF4XA,TRON,licit,tron_negative_sampling,2026-09-23T05:07:32.488Z,"{""activity_evidence"":{""txCount"":4,""lastActiveAt"":1775337609000,""createdAt"":1775337555000},""usdt_holder_evidence"":{""usdtTxCount"":4,""observedAt"":1775337609000,""sampleAmount"":""10""}}",1,0.05,1,1,1,0,,false,1,4,,,,[],0,0
TCQwQjD3DnpSdjekGLeeFvSQWUqZmpARTH,TRON,licit,tron_negative_sampling,2026-09-23T05:07:32.488Z,"{""activity_evidence"":{""txCount"":400,""lastActiveAt"":1750676820000,""createdAt"":1722151989000},""usdt_holder_evidence"":{""usdtTxCount"":400,""observedAt"":1750676820000,""sampleAmount"":""335.40311""}}",1,1331,0,3,1.7,7.981,TMyWQEi632XHmzpwcvaXBw7SP22nt3NSqC,false,0.23,199,,,,[],0,0
TCs2wV1MfDPycx16uqVKupUmErgbAwrCGm,TRON,licit,tron_negative_sampling,2026-09-23T05:07:32.488Z,"{""activity_evidence"":{""txCount"":249,""lastActiveAt"":1773525954000,""createdAt"":1767653601000},""usdt_holder_evidence"":{""usdtTxCount"":249,""observedAt"":1773525954000,""sampleAmount"":""70348.82518""}}",1,6886.6,3,1,1,13.851,TVCMUkJCCGx2gsALQVR1HjnqHzaEjSP4pu,false,0.361,6,,,,[],0,0
TCthAebrmJvBGhiRwgqLnx4i2nFkkdfVoa,TRON,licit,tron_negative_sampling,2026-09-23T05:07:32.488Z,"{""activity_evidence"":{""txCount"":3,""lastActiveAt"":1771628652000,""createdAt"":1771628640000},""usdt_holder_evidence"":{""usdtTxCount"":3,""observedAt"":1771628652000,""sampleAmount"":""499996.964288""}}",1,108.95,0,1,1,,TUSYcK5yf8Et4xNTiUcpfZwmhFsxfdoooo,false,0.333,2,,,,[],0,0
TCWJaooYd247snReNyp1K6FVcVFMDHxV9o,TRON,licit,tron_negative_sampling,2026-09-23T05:07:32.488Z,"{""activity_evidence"":{""txCount"":92,""lastActiveAt"":1774861878000,""createdAt"":1745336190000},""usdt_holder_evidence"":{""usdtTxCount"":92,""observedAt"":1774861878000,""sampleAmount"":""1500""}}",1,7477.85,2,1,1,0.002,TZFp5ZD4rbpu5GnJ7CwX11kn6X9tVv46uD,false,0.696,4,,,,[],0,0
TCXXqpZrSjSRGG4Ch869iuS9j9ugqRbdbu,TRON,licit,tron_negative_sampling,2026-09-23T05:07:32.488Z,"{""activity_evidence"":{""txCount"":103,""lastActiveAt"":1770375522000,""createdAt"":1768056312000},""usdt_holder_evidence"":{""usdtTxCount"":103,""observedAt"":1770375522000,""sampleAmount"":""121532.976902""}}",1,1163.6,3,1,1,16.116,TNrQK1Pos1yuxaZfuSYHoESZyWBpYfrun9,false,0.67,8,,,,[],0,0
TD1D3HepGR7FWPN84tgLxSbBZEGhFK4x2A,TRON,licit,tron_negative_sampling,2026-09-23T05:07:32.488Z,"{""activity_evidence"":{""txCount"":400,""lastActiveAt"":1777294428000,""createdAt"":1772710224000},""usdt_holder_evidence"":{""usdtTxCount"":400,""observedAt"":1777294428000,""sampleAmount"":""879.856979""}}",1,14459.45,9,1,0.362,21.869,TXFw2Viez5f4eY5qYTouzvYXpWy1a7FM81,false,0.478,22,,,,[],0,0
TD2kcJsTSpJa5KqWKYgabfSG3wzHmjLtMn,TRON,licit,tron_negative_sampling,2026-09-23T05:07:32.488Z,"{""activity_evidence"":{""txCount"":400,""lastActiveAt"":1783308402000,""createdAt"":1735120959000},""usdt_holder_evidence"":{""usdtTxCount"":400,""observedAt"":1783308402000,""sampleAmount"":""100""}}",1,200286,3,1,0.447,17.113,TFBEs9BvSLqxJy4m52hoQoBpMnQx599999,false,0.53,5,,,,[],0,0
TD37sCpu8WsYXUJXH5agMVRJuhbSUJNH1Y,TRON,licit,tron_negative_sampling,2026-09-23T05:07:32.488Z,"{""activity_evidence"":{""txCount"":97,""lastActiveAt"":1770111771000,""createdAt"":1765052169000},""usdt_holder_evidence"":{""usdtTxCount"":97,""observedAt"":1770111771000,""sampleAmount"":""60000""}}",1,11402.65,3,1,1,3.713,TVjKtQUqjxTunpcqevFU1RKLh9umf2MKJp,false,0.608,7,,,,[],0,0
TDd7coWrGnFfAS5TPYMJykv4vVxr2ymNYN,TRON,licit,tron_negative_sampling,2026-09-23T05:07:32.488Z,"{""activity_evidence"":{""txCount"":201,""lastActiveAt"":1775737284000,""createdAt"":1758352968000},""usdt_holder_evidence"":{""usdtTxCount"":201,""observedAt"":1775737284000,""sampleAmount"":""100000""}}",1,1330.6,2,1,1,130.182,TC8RxJj8mG1wuMhaQrXiAeBypAVPb3SKtm,false,0.672,5,,,,[],0,0
TDf5jiviaKQgqNH9mp9W19u2CYuAdd3fQy,TRON,licit,tron_negative_sampling,2026-09-23T05:07:32.488Z,"{""activity_evidence"":{""txCount"":64,""lastActiveAt"":1778188557000,""createdAt"":1775939496000},""usdt_holder_evidence"":{""usdtTxCount"":64,""observedAt"":1778188557000,""sampleAmount"":""30.75""}}",1,2742.2,1,1,1,0.001,TZEfE8g8tN8jTfd7mD6V4WFqpawbRidfFs,false,0.375,17,,,,[],0,0
TDF5xc4aEXncnrdPf7oeTFXkT9yNB2vjKa,TRON,licit,tron_negative_sampling,2026-09-23T05:07:32.488Z,"{""activity_evidence"":{""txCount"":9,""lastActiveAt"":1764201657000,""createdAt"":1762996902000},""usdt_holder_evidence"":{""usdtTxCount"":9,""observedAt"":1764201657000,""sampleAmount"":""2709.593808""}}",1,51.25,1,1,1,2.718,TU4vEruvZwLLkSfV9bNw12EJTPvNr7Pvaa,false,1,2,,,,[],0,0
TDFvZw3TbkdLXWvQUonrMAfKTkat5RXrnV,TRON,licit,tron_negative_sampling,2026-09-23T05:07:32.488Z,"{""activity_evidence"":{""txCount"":400,""lastActiveAt"":1750676907000,""createdAt"":1733563932000},""usdt_holder_evidence"":{""usdtTxCount"":400,""observedAt"":1750676907000,""sampleAmount"":""25739.484464""}}",1,883,184,2,0.575,6.173,TSqymK394s8gpgCA1sjJZHfUiwyTgToFbc,false,0.178,207,,,,[],0,0
TDGmfU9a5sjBhSD1S87JDEnNUEthvqe4DK,TRON,licit,tron_negative_sampling,2026-09-23T05:07:32.488Z,"{""activity_evidence"":{""txCount"":400,""lastActiveAt"":1788762174000,""createdAt"":1701173784000},""usdt_holder_evidence"":{""usdtTxCount"":400,""observedAt"":1788762174000,""sampleAmount"":""72500""}}",1,9.85,1,1,1.133,432.77,TYD4pB7wGi1p8zK67rBTV3KdfEb9nvNDXh,false,0.53,8,,,,[],0,0
TDGmfUmQHeTDdqfVkttBp5UdV6QSvqe4DK,TRON,licit,tron_negative_sampling,2026-09-23T05:07:32.488Z,"{""activity_evidence"":{""txCount"":6,""lastActiveAt"":1788357195000,""createdAt"":1781756631000},""usdt_holder_evidence"":{""usdtTxCount"":6,""observedAt"":1788357195000,""sampleAmount"":""3.01""}}",1,0.05,1,1,1,0,TWkvffFDMsqbmTLkMHMABmw452Hyq98cdn,false,0,2,,,,[],0,0
TDidusdisVNiwRpxhaaqJkv92rdqbNuMUg,TRON,licit,tron_negative_sampling,2026-09-23T05:07:32.488Z,"{""activity_evidence"":{""txCount"":21,""lastActiveAt"":1773249174000,""createdAt"":1769705040000},""usdt_holder_evidence"":{""usdtTxCount"":21,""observedAt"":1773249174000,""sampleAmount"":""4545""}}",1,3026.15,1,1,1,,TYD4pB7wGi1p8zK67rBTV3KdfEb9nvNDXh,false,0.619,3,,,,[],0,0
TDii6vao7xyWg2rKPbCPWVRpSmne8xcqYx,TRON,licit,tron_negative_sampling,2026-09-23T05:07:32.488Z,"{""activity_evidence"":{""txCount"":400,""lastActiveAt"":1790140335000,""createdAt"":1686645708000},""usdt_holder_evidence"":{""usdtTxCount"":400,""observedAt"":1790140335000,""sampleAmount"":""3316.042396""}}",1,,0,1,1179.933,1197.849,THTbFKyqjDHUUke6sRzen354QpH7LU3Deq,false,0.053,202,,,,[],0,0
TDkJqivn6ejMr1ye48K7XLSanUbUK3Cp3R,TRON,licit,tron_negative_sampling,2026-09-23T05:07:32.488Z,"{""activity_evidence"":{""txCount"":400,""lastActiveAt"":1790069778000,""createdAt"":1762337577000},""usdt_holder_evidence"":{""usdtTxCount"":400,""observedAt"":1790069778000,""sampleAmount"":""10""}}",1,15.1,2,1,1.06,118.955,TPar465RzCkusYX2BGWaYkKXQ5bNye9xu6,false,0.42,10,,,,[],0,0
TDknsBSnmvg2rHBLgB3j59r7JyMgZtRdBq,TRON,licit,tron_negative_sampling,2026-09-23T05:07:32.488Z,"{""activity_evidence"":{""txCount"":13,""lastActiveAt"":1762192665000,""createdAt"":1762146264000},""usdt_holder_evidence"":{""usdtTxCount"":13,""observedAt"":1762192665000,""sampleAmount"":""6.3""}}",1,0.45,11,1,1,0,TLbG6gCc95hfdQdfLxhCgjbXVkBRjk4ab6,false,0.538,12,,,,[],0,0
TDLA54VyhR5giYjzBjUZ6dhBYGT4daVUSr,TRON,licit,tron_negative_sampling,2026-09-23T05:07:32.488Z,"{""activity_evidence"":{""txCount"":400,""lastActiveAt"":1790092482000,""createdAt"":1763488974000},""usdt_holder_evidence"":{""usdtTxCount"":400,""observedAt"":1790092482000,""sampleAmount"":""700""}}",1,1475.675,3,1,2.252,134.048,THjTqeyUMH38mYup63SFfAdTv1squ1xWvo,false,0.563,6,,,,[],0,0
TDMcBxt8UTNavH6WtPqEvbXuhLSiwvrvk8,TRON,licit,tron_negative_sampling,2026-09-23T05:07:32.488Z,"{""activity_evidence"":{""txCount"":399,""lastActiveAt"":1773009354000,""createdAt"":1733857440000},""usdt_holder_evidence"":{""usdtTxCount"":399,""observedAt"":1773009354000,""sampleAmount"":""40""}}",1,12627.575,5,1,1.175,73.228,TWTodynywANfsTTGJSaYkGporke74xDjsE,false,0.511,9,,,,[],0,0
TDMrrTGLYYKQfDa6kuwYGnWruhEpN9ru3i,TRON,licit,tron_negative_sampling,2026-09-23T05:07:32.488Z,"{""activity_evidence"":{""txCount"":110,""lastActiveAt"":1764844566000,""createdAt"":1756198230000},""usdt_holder_evidence"":{""usdtTxCount"":110,""observedAt"":1764844566000,""sampleAmount"":""178.569544""}}",1,263.8,2,1,1,,TPm3eDx3G4wEa6p3kS9RNBmKpaVB2gZy4c,false,0.664,5,,,,[],0,0
TDoAaXdNRzT41BpD9HesgdN2JX9VTBm45E,TRON,licit,tron_negative_sampling,2026-09-23T05:07:32.488Z,"{""activity_evidence"":{""txCount"":4,""lastActiveAt"":1777102923000,""createdAt"":1777011237000},""usdt_holder_evidence"":{""usdtTxCount"":4,""observedAt"":1777102923000,""sampleAmount"":""250""}}",1,624.9,0,1,1,,TT9yqvq3wwzHwyv2DQt3KTxhBCBK4bF1in,false,0.25,2,,,,[],0,0
TDPK9NKvEwp8J6b6MqioP1B2a7Bxz5N7P9,TRON,licit,tron_negative_sampling,2026-09-23T05:07:32.488Z,"{""activity_evidence"":{""txCount"":155,""lastActiveAt"":1773868479000,""createdAt"":1762393350000},""usdt_holder_evidence"":{""usdtTxCount"":155,""observedAt"":1773868479000,""sampleAmount"":""8161.893736""}}",1,110.725,3,1,1,,TGoXM3ojziv6xRsGPciTg41P58TxY6bk8c,false,0.148,8,,,,[],0,0
TDpVjhYrPAMj9g4E89toE5GHmpfXnAcP3x,TRON,licit,tron_negative_sampling,2026-09-23T05:07:32.488Z,"{""activity_evidence"":{""txCount"":145,""lastActiveAt"":1772114298000,""createdAt"":1764768366000},""usdt_holder_evidence"":{""usdtTxCount"":145,""observedAt"":1772114298000,""sampleAmount"":""173331.722404""}}",1,2955.2,3,1,1,0.002,TRjyn126qCTLYRo9JbGH1JxcFbKnZkA887,false,0.607,9,,,,[],0,0
TDPzJokhv9jhnhsa6WdVimGbZFutTLhFXN,TRON,licit,tron_negative_sampling,2026-09-23T05:07:32.488Z,"{""activity_evidence"":{""txCount"":400,""lastActiveAt"":1790085303000,""createdAt"":1760631777000},""usdt_holder_evidence"":{""usdtTxCount"":400,""observedAt"":1790085303000,""sampleAmount"":""1058""}}",1,8437.55,3,1,0.788,236.806,TPAJPhCXfmLqDhGr8evRESeEW71BJowVbb,false,0.3,5,,,,[],0,0
TDRstDRiCnx85RqayU1jeXfTZLY4PHmrGq,TRON,licit,tron_negative_sampling,2026-09-23T05:07:32.488Z,"{""activity_evidence"":{""txCount"":400,""lastActiveAt"":1790082660000,""createdAt"":1736092773000},""usdt_holder_evidence"":{""usdtTxCount"":400,""observedAt"":1790082660000,""sampleAmount"":""159900""}}",1,40046.2,3,1,0.891,368.075,TRzuM866Vgmzpk7K3hVbDRX9YyDLpscFb2,false,0.455,6,,,,[],0,0
TDs7Y1KySfhKdKrGXbbh1PabLnYmmNcJLG,TRON,licit,tron_negative_sampling,2026-09-23T05:07:32.488Z,"{""activity_evidence"":{""txCount"":197,""lastActiveAt"":1789644564000,""createdAt"":1743319908000},""usdt_holder_evidence"":{""usdtTxCount"":197,""observedAt"":1789644564000,""sampleAmount"":""22540""}}",1,18740.55,2,1,0.994,,THXk5dPPQGKNQSrkJAXMDop1yma7ZvhzQR,false,0.736,6,,,,[],0,0
TDtAsQqHrLmukiwmBuZaZv3ADpBdLVv1QA,TRON,licit,tron_negative_sampling,2026-09-23T05:07:32.488Z,"{""activity_evidence"":{""txCount"":35,""lastActiveAt"":1762555974000,""createdAt"":1660045215000},""usdt_holder_evidence"":{""usdtTxCount"":35,""observedAt"":1762555974000,""sampleAmount"":""95""}}",1,9409.225,0,1,1,,,false,0.6,2,,,,[],0,0
TDuHhohRscxddD4sj311LTKkWrVjXEsk2g,TRON,licit,tron_negative_sampling,2026-09-23T05:07:32.488Z,"{""activity_evidence"":{""txCount"":73,""lastActiveAt"":1774428294000,""createdAt"":1772222694000},""usdt_holder_evidence"":{""usdtTxCount"":73,""observedAt"":1774428294000,""sampleAmount"":""40""}}",1,3772.05,3,1,1,0.012,TF9wL4awgXwnWZuHPxujjafQiUPYFC7Yv3,false,0.589,5,,,,[],0,0
TDuHrqTGpPUcuqbyKZ2kmnQ7pvNHXEsk2g,TRON,licit,tron_negative_sampling,2026-09-23T05:07:32.488Z,"{""activity_evidence"":{""txCount"":6,""lastActiveAt"":1772710299000,""createdAt"":1772626626000},""usdt_holder_evidence"":{""usdtTxCount"":6,""observedAt"":1772710299000,""sampleAmount"":""1.5001""}}",1,697.325,1,1,1,0,TRFzN7HTESEL9zZBf4rcgq4ZzqoXbiaSrf,false,0,3,,,,[],0,0
TDwqVusqe6TZwz5MCn9cdTKeNxGxjQwmaz,TRON,licit,tron_negative_sampling,2026-09-23T05:07:32.488Z,"{""activity_evidence"":{""txCount"":400,""lastActiveAt"":1784442198000,""createdAt"":1729852611000},""usdt_holder_evidence"":{""usdtTxCount"":400,""observedAt"":1784442198000,""sampleAmount"":""5255""}}",1,1262.7,3,1,1.115,432.185,TCs7o7EveETFdRAN5B88JJkRs3nJDAAAAA,false,0.338,6,,,,[],0,0
TDXNC76JA75WekpCiRDiY9ezjeMTgXTLTN,TRON,licit,tron_negative_sampling,2026-09-23T05:07:32.488Z,"{""activity_evidence"":{""txCount"":400,""lastActiveAt"":1774967691000,""createdAt"":1754043696000},""usdt_holder_evidence"":{""usdtTxCount"":400,""observedAt"":1774967691000,""sampleAmount"":""183234""}}",1,7330.65,3,1,1.058,46.04,TRQVvuGQP6gXb1gyFi2Yk64yyvfC7k6nQh,false,0.678,9,,,,[],0,0
TDZa22qif7S2tRnZf1AfkSUzs4gAQD6Dyc,TRON,licit,tron_negative_sampling,2026-09-23T05:07:32.488Z,"{""activity_evidence"":{""txCount"":399,""lastActiveAt"":1788217236000,""createdAt"":1744113003000},""usdt_holder_evidence"":{""usdtTxCount"":399,""observedAt"":1788217236000,""sampleAmount"":""245""}}",1,24751.9,4,1,0.367,360.149,TTJ42JnTrCPsmhwYbfWYvXDFvdX9b5RfFL,false,0.373,8,,,,[],0,0
TDzofubupSv3WNMADD1TJrjvsDZ44ZDkvp,TRON,licit,tron_negative_sampling,2026-09-23T05:07:32.488Z,"{""activity_evidence"":{""txCount"":125,""lastActiveAt"":1779742065000,""createdAt"":1754564349000},""usdt_holder_evidence"":{""usdtTxCount"":125,""observedAt"":1779742065000,""sampleAmount"":""345365.001877""}}",1,49136.3,1,1,1,,TV9Ff69t14jPVDV4MWnESeiG3RzaavWh88,false,0.568,16,,,,[],0,0
TE1AibaVRgw74qadYfHDJT9HwhS8pqr3oD,TRON,licit,tron_negative_sampling,2026-09-23T05:07:32.488Z,"{""activity_evidence"":{""txCount"":81,""lastActiveAt"":1764256476000,""createdAt"":1760651790000},""usdt_holder_evidence"":{""usdtTxCount"":81,""observedAt"":1764256476000,""sampleAmount"":""117.095731""}}",1,2152.925,2,1,1,0.832,TBoXyJXS1JSCf2SPRFYS2DECTaB8cwbSgg,false,0.679,6,,,,[],0,0
TE3PT99fFzp4gQ4etJQTDP54r2438qMbrJ,TRON,licit,tron_negative_sampling,2026-09-23T05:07:32.488Z,"{""activity_evidence"":{""txCount"":400,""lastActiveAt"":1784040639000,""createdAt"":1748245038000},""usdt_holder_evidence"":{""usdtTxCount"":400,""observedAt"":1784040639000,""sampleAmount"":""70000""}}",1,20114.125,6,1,0.478,259.099,TRL2Hydydh1Gf1XdDKonxFRjaH4n2C8cs8,false,0.218,17,,,,[],0,0
TE6N7nBTUK39kmH9nQjeQQYT982YK9xiY7,TRON,licit,tron_negative_sampling,2026-09-23T05:07:32.488Z,"{""activity_evidence"":{""txCount"":197,""lastActiveAt"":1778345901000,""createdAt"":1721827971000},""usdt_holder_evidence"":{""usdtTxCount"":197,""observedAt"":1778345901000,""sampleAmount"":""131.980344""}}",1,47608.5,2,1,1,,TXrZCzTNd4NxVS1AEu8ArtyXFkZjoAGecz,false,0.635,6,,,,[],0,0
TE7sNxLGg1y3ZeF8V8QvGtJBd9uJEnSWPk,TRON,licit,tron_negative_sampling,2026-09-23T05:07:32.488Z,"{""activity_evidence"":{""txCount"":392,""lastActiveAt"":1790012655000,""createdAt"":1764597192000},""usdt_holder_evidence"":{""usdtTxCount"":392,""observedAt"":1790012655000,""sampleAmount"":""2090""}}",1,4020.825,2,1,2.33,100.675,THqd7CrSyRVJSKsPHHsmSCw4HjVnVcvDeu,false,0.796,5,,,,[],0,0
TE9xKVdRTE466tcBeCQNtUHNbix7mioFti,TRON,licit,tron_negative_sampling,2026-09-23T05:07:32.488Z,"{""activity_evidence"":{""txCount"":400,""lastActiveAt"":1790137311000,""createdAt"":1698329622000},""usdt_holder_evidence"":{""usdtTxCount"":400,""observedAt"":1790137311000,""sampleAmount"":""60000""}}",1,75292.15,2,1,0.647,818.316,TM1zzNDZD2DPASbKcgdVoTYhfmYgtfwx9R,false,0.853,5,,,,[],0,0
TEBbaoNE8yNbmV1vnPq5itk4Cta5HH8X1r,TRON,licit,tron_negative_sampling,2026-09-23T05:07:32.488Z,"{""activity_evidence"":{""txCount"":129,""lastActiveAt"":1771931643000,""createdAt"":1759769499000},""usdt_holder_evidence"":{""usdtTxCount"":129,""observedAt"":1771931643000,""sampleAmount"":""50""}}",1,67744.125,1,1,1,,TE3drSuHjxtKBuTJmFWAzUGziRM9dXADM5,false,0.116,5,,,,[],0,0
TEBbaQcdHit777KVGjoXNbBe9a23HH8X1r,TRON,licit,tron_negative_sampling,2026-09-23T05:07:32.488Z,"{""activity_evidence"":{""txCount"":32,""lastActiveAt"":1770030042000,""createdAt"":1760802543000},""usdt_holder_evidence"":{""usdtTxCount"":32,""observedAt"":1770030042000,""sampleAmount"":""2.5""}}",1,25790.5,2,1,1,0,TPwqVNwzU4kBA92NeAgfHQu28XSdXucS6t,false,0,6,,,,[],0,0
TEETbffm9YDKPompf48ogemSFjMqwVUKsM,TRON,licit,tron_negative_sampling,2026-09-23T05:07:32.488Z,"{""activity_evidence"":{""txCount"":218,""lastActiveAt"":1790138772000,""createdAt"":1781592351000},""usdt_holder_evidence"":{""usdtTxCount"":218,""observedAt"":1790138772000,""sampleAmount"":""181.9""}}",1,8172.7,3,1,0.953,,TVmKaRz7GLtXU3nD4n6WyErq2fhAjesa42,false,0.372,8,,,,[],0,0
TEoxiuPsHuLxztX7r3bK3W1b4r2nqUwBqN,TRON,licit,tron_negative_sampling,2026-09-23T05:07:32.488Z,"{""activity_evidence"":{""txCount"":51,""lastActiveAt"":1781921163000,""createdAt"":1766800029000},""usdt_holder_evidence"":{""usdtTxCount"":51,""observedAt"":1781921163000,""sampleAmount"":""6000""}}",1,34425.6,1,1,1,,TYD4pB7wGi1p8zK67rBTV3KdfEb9nvNDXh,false,0.431,4,,,,[],0,0
TEPFhwhYoKdq45FowRsVqub7nYn561JPPE,TRON,licit,tron_negative_sampling,2026-09-23T05:07:32.488Z,"{""activity_evidence"":{""txCount"":122,""lastActiveAt"":1772258568000,""createdAt"":1745181567000},""usdt_holder_evidence"":{""usdtTxCount"":122,""observedAt"":1772258568000,""sampleAmount"":""17700""}}",1,47659.6,2,1,1,,TL8oBtatd7jz8EYdimiyAgtEC1wafKL87w,false,0.508,4,,,,[],0,0
TEtGZkBtJT5MCzRREMgRfDbeKRc6KbkqpG,TRON,licit,tron_negative_sampling,2026-09-23T05:07:32.488Z,"{""activity_evidence"":{""txCount"":400,""lastActiveAt"":1788964473000,""createdAt"":1765035477000},""usdt_holder_evidence"":{""usdtTxCount"":400,""observedAt"":1788964473000,""sampleAmount"":""2018.6375""}}",1,8493.2,7,1,0.573,45.776,TSQx797AfBia8if5QwpChVbHj2oHFCHArX,false,0.745,14,,,,[],0,0
TEu6DqWH4GGzw2VVvfnJjNmnyvgRyBb66Q,TRON,licit,tron_negative_sampling,2026-09-23T05:07:32.488Z,"{""activity_evidence"":{""txCount"":400,""lastActiveAt"":1785591735000,""createdAt"":1683519429000},""usdt_holder_evidence"":{""usdtTxCount"":400,""observedAt"":1785591735000,""sampleAmount"":""2400""}}",1,524303,3,1,0.466,596.458,TWZS69Q1F1oMe3qdJQmu8fVaVUYZZJaFBZ,false,0.643,7,,,,[],0,0
TEuN1noCmQpt6T69fhySayvF9rfixghJS5,TRON,licit,tron_negative_sampling,2026-09-23T05:07:32.488Z,"{""activity_evidence"":{""txCount"":263,""lastActiveAt"":1770910743000,""createdAt"":1767035541000},""usdt_holder_evidence"":{""usdtTxCount"":263,""observedAt"":1770910743000,""sampleAmount"":""157""}}",1,2372.475,1,1,7.739,39.672,TUSYcK5yf8Et4xNTiUcpfZwmhFsxfdoooo,false,0.061,12,,,,[],0,0
TEW4Tgacp6Wid6LEafG6srvX2yvBxiCL4v,TRON,licit,tron_negative_sampling,2026-09-23T05:07:32.488Z,"{""activity_evidence"":{""txCount"":400,""lastActiveAt"":1750676802000,""createdAt"":1720939149000},""usdt_holder_evidence"":{""usdtTxCount"":400,""observedAt"":1750676802000,""sampleAmount"":""7184.65""}}",1,7.3,113,3,36.731,6.983,TPzaRmRTaemVZUMAaqkf2x6VVShgoJfkLF,false,0.18,393,,,,[],0,0
TEyCGkLpqpRyxftyhhXr66feWvFa8rGuB2,TRON,licit,tron_negative_sampling,2026-09-23T05:07:32.488Z,"{""activity_evidence"":{""txCount"":116,""lastActiveAt"":1771848900000,""createdAt"":1769865972000},""usdt_holder_evidence"":{""usdtTxCount"":116,""observedAt"":1771848900000,""sampleAmount"":""49595""}}",1,5732.75,3,1,1,,TFU8gByLNmwGopopM6hdYJ9q4Xijj1BVxf,false,0.638,6,,,,[],0,0
TEYqCxi2EqmUSGFJq3jXzZmufExB4ZSBk5,TRON,licit,tron_negative_sampling,2026-09-23T05:07:32.488Z,"{""activity_evidence"":{""txCount"":62,""lastActiveAt"":1783099710000,""createdAt"":null},""usdt_holder_evidence"":{""usdtTxCount"":62,""observedAt"":1783099710000,""sampleAmount"":""403828.072128""}}",1,983.375,0,1,1,,,false,0.177,12,,,,[],0,0
TEYxRueiPPjuKtqRToYYfjK6zrxt8mjgTJ,TRON,licit,tron_negative_sampling,2026-09-23T05:07:32.488Z,"{""activity_evidence"":{""txCount"":226,""lastActiveAt"":1789647987000,""createdAt"":1739819316000},""usdt_holder_evidence"":{""usdtTxCount"":226,""observedAt"":1789647987000,""sampleAmount"":""1123""}}",1,58722.1,3,1,1,,TTjq5ArJ17gMWeTgjgSZQdHQgJNJpFn4MJ,false,0.341,5,,,,[],0,0
TF1sjyBHGXTZYgcrp9BSaCNQNQxSfoRUvF,TRON,licit,tron_negative_sampling,2026-09-23T05:07:32.488Z,"{""activity_evidence"":{""txCount"":61,""lastActiveAt"":1769691339000,""createdAt"":1754464611000},""usdt_holder_evidence"":{""usdtTxCount"":61,""observedAt"":1769691339000,""sampleAmount"":""1.95056""}}",1,1555.25,1,1,1,0,TYv2trn5dLEWiH52aVWSCP7DG28ShMRSaA,false,0.016,4,,,,[],0,0
TF1sjyRyEnsH7zpE5fpwFgHPfATqfoRUvF,TRON,licit,tron_negative_sampling,2026-09-23T05:07:32.488Z,"{""activity_evidence"":{""txCount"":400,""lastActiveAt"":1788338034000,""createdAt"":1749816168000},""usdt_holder_evidence"":{""usdtTxCount"":400,""observedAt"":1788338034000,""sampleAmount"":""100000""}}",1,1526.95,4,1,0.993,409.065,TPUTQjitMXiWZEL2MqfZKKLfNZ8eKGbpsV,false,0.553,8,,,,[],0,0
TF6bBnKJNfxzZRYQrKKaLj9QchJ4DEBtD9,TRON,licit,tron_negative_sampling,2026-09-23T05:07:32.488Z,"{""activity_evidence"":{""txCount"":2,""lastActiveAt"":1765690563000,""createdAt"":1765690554000},""usdt_holder_evidence"":{""usdtTxCount"":2,""observedAt"":1765690563000,""sampleAmount"":""2.01""}}",1,0.05,1,1,1,0,,false,0,2,,,,[],0,0
TF7C7ahYzYYi32X82yXhaW2ps8HTVkksHN,TRON,licit,tron_negative_sampling,2026-09-23T05:07:32.488Z,"{""activity_evidence"":{""txCount"":2,""lastActiveAt"":1771664223000,""createdAt"":1771664214000},""usdt_holder_evidence"":{""usdtTxCount"":2,""observedAt"":1771664223000,""sampleAmount"":""4.00001""}}",1,0.05,1,1,1,0,TRFzN7HTESEL9zZBf4rcgq4ZzqoXbiaSrf,false,0,2,,,,[],0,0
TF7Kaf1QMk8kkJTuhNMZVqvzP1LpkhbL8g,TRON,licit,tron_negative_sampling,2026-09-23T05:07:32.488Z,"{""activity_evidence"":{""txCount"":221,""lastActiveAt"":1771793673000,""createdAt"":1766982111000},""usdt_holder_evidence"":{""usdtTxCount"":221,""observedAt"":1771793673000,""sampleAmount"":""289800""}}",1,882.1,4,1,1,4.305,TMD7MMPD64bMZLDMQaJGYt7idWJN4ndqfm,false,0.751,9,,,,[],0,0
TF8cqJ7fyPyMUvjTS7vrdUVSNVZ5Dxm35A,TRON,licit,tron_negative_sampling,2026-09-23T05:07:32.488Z,"{""activity_evidence"":{""txCount"":400,""lastActiveAt"":1787328225000,""createdAt"":1724757648000},""usdt_holder_evidence"":{""usdtTxCount"":400,""observedAt"":1787328225000,""sampleAmount"":""18""}}",1,444938,5,1,0.16,410.393,TB73gtW1hsTxxA9XUYKLSJKTSHw6Jk53eH,false,0.213,26,,,,[],0,0
TF8eGDd2DnW9kzN1CgwZPoS1BCUSWXCQ2Y,TRON,licit,tron_negative_sampling,2026-09-23T05:07:32.488Z,"{""activity_evidence"":{""txCount"":15,""lastActiveAt"":1782957417000,""createdAt"":1782240531000},""usdt_holder_evidence"":{""usdtTxCount"":15,""observedAt"":1782957417000,""sampleAmount"":""134000""}}",1,2799.8,1,1,1,,TA3gtSZUbixAKGe9zWLXnJyu1NCxBQqrFv,false,0.733,2,,,,[],0,0
TF9wL4awgXwnWZuHPxujjafQiUPYFC7Yv3,TRON,licit,tron_negative_sampling,2026-09-23T05:07:32.488Z,"{""activity_evidence"":{""txCount"":28,""lastActiveAt"":1773837588000,""createdAt"":1772118039000},""usdt_holder_evidence"":{""usdtTxCount"":28,""observedAt"":1773837588000,""sampleAmount"":""114225""}}",1,7003.25,1,1,1,0.004,TRjyn126qCTLYRo9JbGH1JxcFbKnZkA887,false,0.571,5,,,,[],0,0
TFa22kZtwkyLZsNvTZhNJafPRxS1MQZY5e,TRON,licit,tron_negative_sampling,2026-09-23T05:07:32.488Z,"{""activity_evidence"":{""txCount"":9,""lastActiveAt"":1638646824000,""createdAt"":1634723994000},""usdt_holder_evidence"":{""usdtTxCount"":9,""observedAt"":1638646824000,""sampleAmount"":""2496""}}",1,15489.65,0,1,1,,,false,0.556,2,,,,[],0,0
TFaLks73dAeqQ4iR3um8dNfddFYpxcymF3,TRON,licit,tron_negative_sampling,2026-09-23T05:07:32.488Z,"{""activity_evidence"":{""txCount"":2,""lastActiveAt"":1770722082000,""createdAt"":1770722073000},""usdt_holder_evidence"":{""usdtTxCount"":2,""observedAt"":1770722082000,""sampleAmount"":""0.75585""}}",1,0.05,1,1,1,0,,false,0,2,,,,[],0,0
TFaLxGxkrtyGKrxezkMDVH7L2cD2xcymF3,TRON,licit,tron_negative_sampling,2026-09-23T05:07:32.488Z,"{""activity_evidence"":{""txCount"":243,""lastActiveAt"":1789998912000,""createdAt"":1770568716000},""usdt_holder_evidence"":{""usdtTxCount"":243,""observedAt"":1789998912000,""sampleAmount"":""200""}}",1,63.95,3,1,1,,TUSYcK5yf8Et4xNTiUcpfZwmhFsxfdoooo,false,0.58,6,,,,[],0,0
TFB7LM8Pc5zpjmGxMvhcMtQ6bQSQVY8wM3,TRON,licit,tron_negative_sampling,2026-09-23T05:07:32.488Z,"{""activity_evidence"":{""txCount"":132,""lastActiveAt"":1765610007000,""createdAt"":1759738299000},""usdt_holder_evidence"":{""usdtTxCount"":132,""observedAt"":1765610007000,""sampleAmount"":""298277.234896""}}",1,41278.9,1,1,1,0.062,TWbEg2H1BBhWhTiyRmXfiFUmZveSA1q33s,false,0.364,12,,,,[],0,0
TFEHL7Dy1ou21rdLPqVN2ErwUuev9v1mup,TRON,licit,tron_negative_sampling,2026-09-23T05:07:32.488Z,"{""activity_evidence"":{""txCount"":4,""lastActiveAt"":1770906696000,""createdAt"":1770815562000},""usdt_holder_evidence"":{""usdtTxCount"":4,""observedAt"":1770906696000,""sampleAmount"":""1.50001""}}",1,0.05,1,1,1,0,,false,0,2,,,,[],0,0
TFEHLgBD63dbzmvPefxZYT6STyTR9v1mup,TRON,licit,tron_negative_sampling,2026-09-23T05:07:32.488Z,"{""activity_evidence"":{""txCount"":186,""lastActiveAt"":1770908295000,""createdAt"":1770032433000},""usdt_holder_evidence"":{""usdtTxCount"":186,""observedAt"":1770908295000,""sampleAmount"":""153205""}}",1,60.15,7,1,1,,TJogbPtzRiHxJVXzJ9Xtqb95gcSTqVdC4C,false,0.64,12,,,,[],0,0
TFEmgxfbuVuLEwr3aVBWbNKjcY78b9fYKC,TRON,licit,tron_negative_sampling,2026-09-23T05:07:32.488Z,"{""activity_evidence"":{""txCount"":400,""lastActiveAt"":1667815764000,""createdAt"":1640134767000},""usdt_holder_evidence"":{""usdtTxCount"":400,""observedAt"":1667815764000,""sampleAmount"":""369216""}}",1,406.825,3,1,1.119,223.731,,false,0.515,8,,,,[],0,0
TFG6g7JtLJKSL4oKBJPHYuVwgyue2MSP3H,TRON,licit,tron_negative_sampling,2026-09-23T05:07:32.488Z,"{""activity_evidence"":{""txCount"":2,""lastActiveAt"":1776381441000,""createdAt"":1776381432000},""usdt_holder_evidence"":{""usdtTxCount"":2,""observedAt"":1776381441000,""sampleAmount"":""1.7501""}}",1,0.05,1,1,1,0,,false,0,2,,,,[],0,0
TFG6geda8ic9bFmFbhLDyEhvJH8x2MSP3H,TRON,licit,tron_negative_sampling,2026-09-23T05:07:32.488Z,"{""activity_evidence"":{""txCount"":68,""lastActiveAt"":1784854866000,""createdAt"":1730377443000},""usdt_holder_evidence"":{""usdtTxCount"":68,""observedAt"":1784854866000,""sampleAmount"":""998""}}",1,23182.05,1,1,1,,TKVYofPETaVayjEihZpcAKqyuBXNupYR2E,false,0.721,4,,,,[],0,0
TFG6gPgBsPjk2Af6wNsxDhWsVzof2MSP3H,TRON,licit,tron_negative_sampling,2026-09-23T05:07:32.488Z,"{""activity_evidence"":{""txCount"":6,""lastActiveAt"":1775314725000,""createdAt"":1772645721000},""usdt_holder_evidence"":{""usdtTxCount"":6,""observedAt"":1775314725000,""sampleAmount"":""0.65301""}}",1,0.1,1,1,1,0,TRFzN7HTESEL9zZBf4rcgq4ZzqoXbiaSrf,false,0,2,,,,[],0,0
TFkGoCjrHkHfUL27s9TwgbY7zhqVtBEjQK,TRON,licit,tron_negative_sampling,2026-09-23T05:07:32.488Z,"{""activity_evidence"":{""txCount"":400,""lastActiveAt"":1787584569000,""createdAt"":1747129347000},""usdt_holder_evidence"":{""usdtTxCount"":400,""observedAt"":1787584569000,""sampleAmount"":""3365""}}",1,38444.6,8,1,1.503,322.8,TEZi1aZYvoDXNGksrbUyDCru25otL67fS1,false,0.27,19,,,,[],0,0
TFoGLCnDBKD8X69UEEa6cusWFSCi8fpq8Z,TRON,licit,tron_negative_sampling,2026-09-23T05:07:32.488Z,"{""activity_evidence"":{""txCount"":34,""lastActiveAt"":1781107842000,""createdAt"":1762450983000},""usdt_holder_evidence"":{""usdtTxCount"":34,""observedAt"":1781107842000,""sampleAmount"":""424938""}}",1,33955.5,1,1,1,0.884,TKdQSMR2TwfQR2Dz8mQQduaavqmhSZwJoU,false,0.471,5,,,,[],0,0
TFoGLxAR65cLhy2i9Pca5zUk8rEL8fpq8Z,TRON,licit,tron_negative_sampling,2026-09-23T05:07:32.488Z,"{""activity_evidence"":{""txCount"":4,""lastActiveAt"":1769786838000,""createdAt"":1769783253000},""usdt_holder_evidence"":{""usdtTxCount"":4,""observedAt"":1769786838000,""sampleAmount"":""1.28001""}}",1,0.075,1,1,0.999,0,,false,0,4,,,,[],0,0
TFP4fXjsQJaja9t657rZRniCNykfe6G2R5,TRON,licit,tron_negative_sampling,2026-09-23T05:07:32.488Z,"{""activity_evidence"":{""txCount"":400,""lastActiveAt"":1750676862000,""createdAt"":1725692109000},""usdt_holder_evidence"":{""usdtTxCount"":400,""observedAt"":1750676862000,""sampleAmount"":""236.014925""}}",1,532.05,0,1,58.385,14.605,TQhykvKKZa6R3ZeV1dbLN177zJziyuQhdB,false,0.15,199,,,,[],0,0
TFqXJNU6saJAeNn1rD1sCWjTfiw97AbPJJ,TRON,licit,tron_negative_sampling,2026-09-23T05:07:32.488Z,"{""activity_evidence"":{""txCount"":103,""lastActiveAt"":1775041035000,""createdAt"":1771754763000},""usdt_holder_evidence"":{""usdtTxCount"":103,""observedAt"":1775041035000,""sampleAmount"":""819.790788""}}",1,1757.9,3,1,1,,,false,0.573,5,,,,[],0,0
TFtjGEJJoR5PPebWQboPsW2QtYcqVkksHN,TRON,licit,tron_negative_sampling,2026-09-23T05:07:32.488Z,"{""activity_evidence"":{""txCount"":53,""lastActiveAt"":1772195298000,""createdAt"":1771500030000},""usdt_holder_evidence"":{""usdtTxCount"":53,""observedAt"":1772195298000,""sampleAmount"":""26523""}}",1,162.15,2,1,1,1.898,TGofidywuNt9MMWt7MaUnTxATdeaW7f2md,false,0.264,7,,,,[],0,0
TFU8gByLNmwGopopM6hdYJ9q4Xijj1BVxf,TRON,licit,tron_negative_sampling,2026-09-23T05:07:32.488Z,"{""activity_evidence"":{""txCount"":315,""lastActiveAt"":1769865858000,""createdAt"":1764929544000},""usdt_holder_evidence"":{""usdtTxCount"":315,""observedAt"":1769865858000,""sampleAmount"":""4""}}",1,14214.6,3,1,1,,TPGFfihGKZAneX6rNMqTFxgU1k9nV4q5pa,false,0.692,7,,,,[],0,0
TFZ6hnYntEE3bwwynzrLWgAsYenUYGmc6u,TRON,licit,tron_negative_sampling,2026-09-23T05:07:32.488Z,"{""activity_evidence"":{""txCount"":231,""lastActiveAt"":1770790914000,""createdAt"":1769765769000},""usdt_holder_evidence"":{""usdtTxCount"":231,""observedAt"":1770790914000,""sampleAmount"":""45061.37284""}}",1,41.225,7,1,1,0,TEMTah6pmvg9CU2bvE2Q8A3CP2zGp5iRmK,false,0.636,13,,,,[],0,0
TFZ6WhWvteWSFDUuDexhXNBUVPhcYGmc6u,TRON,licit,tron_negative_sampling,2026-09-23T05:07:32.488Z,"{""activity_evidence"":{""txCount"":2,""lastActiveAt"":1770034410000,""createdAt"":1770034398000},""usdt_holder_evidence"":{""usdtTxCount"":2,""observedAt"":1770034410000,""sampleAmount"":""2.00009""}}",1,0.05,1,1,1,0,TTR5DKekXJXKyhKiZsCVy6uDEhaCCNdKeV,false,0,2,,,,[],0,0
TG32ocYgQEUJyUewCqEQLxAjh4iVdTSnZQ,TRON,licit,tron_negative_sampling,2026-09-23T05:07:32.488Z,"{""activity_evidence"":{""txCount"":26,""lastActiveAt"":1777272306000,""createdAt"":1775635737000},""usdt_holder_evidence"":{""usdtTxCount"":26,""observedAt"":1777272306000,""sampleAmount"":""178.010684""}}",1,17,2,1,1,0.002,TXbYu1LtXckF8DWGtJzoibYqms72KbQfPp,false,0.192,7,,,,[],0,0
TG41Ep54GRui5Nn3LzyXsBchxnrkiZxpAD,TRON,licit,tron_negative_sampling,2026-09-23T05:07:32.488Z,"{""activity_evidence"":{""txCount"":239,""lastActiveAt"":1778660469000,""createdAt"":1754497731000},""usdt_holder_evidence"":{""usdtTxCount"":239,""observedAt"":1778660469000,""sampleAmount"":""8819""}}",1,2617,6,1,1,,TAzsQ9Gx8eqFNFSKbeXrbi45CuVPHzA8wr,false,0.502,14,,,,[],0,0
TG9dRYPZHW7JRpk9LYcYHSdrkmruVqRUgi,TRON,licit,tron_negative_sampling,2026-09-23T05:07:32.488Z,"{""activity_evidence"":{""txCount"":8,""lastActiveAt"":1769706267000,""createdAt"":1769614557000},""usdt_holder_evidence"":{""usdtTxCount"":8,""observedAt"":1769706267000,""sampleAmount"":""100000""}}",1,580.65,0,1,1,,TWRWPUK3hsNT8F4ryk5jzE5U2ekJk4aPxf,false,0.75,2,,,,[],0,0
TGa2Myka3khbJ2pGMX6FCkCpye3NdjUiqR,TRON,licit,tron_negative_sampling,2026-09-23T05:07:32.488Z,"{""activity_evidence"":{""txCount"":4,""lastActiveAt"":1770392166000,""createdAt"":1693127313000},""usdt_holder_evidence"":{""usdtTxCount"":4,""observedAt"":1770392166000,""sampleAmount"":""2332""}}",1,13.45,1,1,1,,TYD4pB7wGi1p8zK67rBTV3KdfEb9nvNDXh,false,0.5,2,,,,[],0,0
TGADtKQ3DDUJJzZnX3mf9WgkkSNARyXRSi,TRON,licit,tron_negative_sampling,2026-09-23T05:07:32.488Z,"{""activity_evidence"":{""txCount"":400,""lastActiveAt"":1790100348000,""createdAt"":1678386270000},""usdt_holder_evidence"":{""usdtTxCount"":400,""observedAt"":1790100348000,""sampleAmount"":""2640.5""}}",1,5383.1,2,1,1.069,564.772,TV6MuMXfmLbBqPZvBHdwFsDnQeVfnmiuSi,false,0.5,9,,,,[],0,0
TGCpsr23a6yAwHVCXnGftek3AHTQU4W9x3,TRON,licit,tron_negative_sampling,2026-09-23T05:07:32.488Z,"{""activity_evidence"":{""txCount"":362,""lastActiveAt"":1790067384000,""createdAt"":1685483586000},""usdt_holder_evidence"":{""usdtTxCount"":362,""observedAt"":1790067384000,""sampleAmount"":""4000""}}",1,177757.35,3,1,1.095,33.365,,false,0.318,18,,,,[],0,0
TGCuZiWWoV1KFy36LzntUY3DYcJbTobDEc,TRON,licit,tron_negative_sampling,2026-09-23T05:07:32.488Z,"{""activity_evidence"":{""txCount"":274,""lastActiveAt"":1790078688000,""createdAt"":1761644244000},""usdt_holder_evidence"":{""usdtTxCount"":274,""observedAt"":1790078688000,""sampleAmount"":""20917.5""}}",1,112646.95,2,1,2.182,82.718,TEPSrSYPDSQ7yXpMFPq91Fb1QEWpMkRGfn,false,0.285,7,,,,[],0,0
TGE9ZWNMHY9AfiNcArRCyecN5mLXrvnCM2,TRON,licit,tron_negative_sampling,2026-09-23T05:07:32.488Z,"{""activity_evidence"":{""txCount"":400,""lastActiveAt"":1790052699000,""createdAt"":1762620804000},""usdt_holder_evidence"":{""usdtTxCount"":400,""observedAt"":1790052699000,""sampleAmount"":""10669""}}",1,20,2,1,1.228,194.893,THgnAyeVFYEdmzBPa9k6VwBFdYuQFHvA34,false,0.485,7,,,,[],0,0
TGF34KLuiDfEuuDub4i6pkqbGxmbVnGWsB,TRON,licit,tron_negative_sampling,2026-09-23T05:07:32.488Z,"{""activity_evidence"":{""txCount"":241,""lastActiveAt"":1777092330000,""createdAt"":1755053565000},""usdt_holder_evidence"":{""usdtTxCount"":241,""observedAt"":1777092330000,""sampleAmount"":""209""}}",1,2962.625,2,1,1,,TQgTXMAYhmDwrRvPxFET3ugUkAJt1MULqg,false,0.531,7,,,,[],0,0
TGfkUZCfyMpowRRdGAHfREmjDqmhkEdczL,TRON,licit,tron_negative_sampling,2026-09-23T05:07:32.488Z,"{""activity_evidence"":{""txCount"":400,""lastActiveAt"":1750676844000,""createdAt"":1724046489000},""usdt_holder_evidence"":{""usdtTxCount"":400,""observedAt"":1750676844000,""sampleAmount"":""10049.185983""}}",1,1312.45,0,1,32.056,11.117,TQyrB5VPpeLmD3RNQVAWz6J69pYP5LkhsB,false,0.203,199,,,,[],0,0
TGFxzGNDtgRdzjnyKBGByxkSk2RsEWep3F,TRON,licit,tron_negative_sampling,2026-09-23T05:07:32.488Z,"{""activity_evidence"":{""txCount"":47,""lastActiveAt"":1783099773000,""createdAt"":null},""usdt_holder_evidence"":{""usdtTxCount"":47,""observedAt"":1783099773000,""sampleAmount"":""138469.5""}}",1,950.2,0,1,1,,,false,0.17,14,,,,[],0,0
TGgZQfwWU3PoMEQvLvMkR4PyMpPP7ByVU9,TRON,licit,tron_negative_sampling,2026-09-23T05:07:32.488Z,"{""activity_evidence"":{""txCount"":400,""lastActiveAt"":1788461109000,""createdAt"":1764239802000},""usdt_holder_evidence"":{""usdtTxCount"":400,""observedAt"":1788461109000,""sampleAmount"":""49996.598467""}}",1,8899.8,5,1,0.697,18.898,TZDxSDyBFtGrn7VkvFQzij4kcoZ2Q1ggna,false,0.29,14,,,,[],0,0
TGirzPSAiB6MqyndopKDrgu3sBfh9wqNXb,TRON,licit,tron_negative_sampling,2026-09-23T05:07:32.488Z,"{""activity_evidence"":{""txCount"":400,""lastActiveAt"":1774349028000,""createdAt"":1769403210000},""usdt_holder_evidence"":{""usdtTxCount"":400,""observedAt"":1774349028000,""sampleAmount"":""75000""}}",1,1721.2,5,1,0.788,9.463,TQDSjZXtdW698tQbKGdXh2wYxKDWiymjwT,false,0.363,13,,,,[],0,0
TGLsJBJR6i6PmzuwzJTzXJszAx1ZnMuJdG,TRON,licit,tron_negative_sampling,2026-09-23T05:07:32.488Z,"{""activity_evidence"":{""txCount"":2,""lastActiveAt"":1770722436000,""createdAt"":1770722415000},""usdt_holder_evidence"":{""usdtTxCount"":2,""observedAt"":1770722436000,""sampleAmount"":""3.001""}}",1,0.25,1,1,1,0,TRFzN7HTESEL9zZBf4rcgq4ZzqoXbiaSrf,false,0,2,,,,[],0,0
TGm47bwQbnEnZfCaS7wWsF4gdKubSM3R1D,TRON,licit,tron_negative_sampling,2026-09-23T05:07:32.488Z,"{""activity_evidence"":{""txCount"":139,""lastActiveAt"":1790028597000,""createdAt"":1766350209000},""usdt_holder_evidence"":{""usdtTxCount"":139,""observedAt"":1790028597000,""sampleAmount"":""31850""}}",1,22.775,3,1,0.992,0.002,TQJAD3hv2bsJqLHNEPy6kFEp63Mh5NAQpw,false,0.54,6,,,,[],0,0
TGM7KfCYDYTVrND3trsj5wQn9hV4y8tmqP,TRON,licit,tron_negative_sampling,2026-09-23T05:07:32.488Z,"{""activity_evidence"":{""txCount"":400,""lastActiveAt"":1789807227000,""createdAt"":1708523670000},""usdt_holder_evidence"":{""usdtTxCount"":400,""observedAt"":1789807227000,""sampleAmount"":""5045""}}",1,8681.4,3,1,1.134,622.745,TNXxhJocc1LcGd8w6kH5WEJ4eQo8wSj6pi,false,0.673,6,,,,[],0,0
TGMe49h43kH5FJ8gi4iYcUmguR2D7aPL8j,TRON,licit,tron_negative_sampling,2026-09-23T05:07:32.488Z,"{""activity_evidence"":{""txCount"":400,""lastActiveAt"":1771318995000,""createdAt"":1755586032000},""usdt_holder_evidence"":{""usdtTxCount"":400,""observedAt"":1771318995000,""sampleAmount"":""645""}}",1,27945.125,3,1,0.851,11.114,TCdR93Kncnx2axJcmjwHKFvNqK8uXTS8to,false,0.54,6,,,,[],0,0
TGNp8ETqz3FCwBHqSVfrpJN5bnNN9yP6z8,TRON,licit,tron_negative_sampling,2026-09-23T05:07:32.488Z,"{""activity_evidence"":{""txCount"":2,""lastActiveAt"":1726904085000,""createdAt"":1726904037000},""usdt_holder_evidence"":{""usdtTxCount"":2,""observedAt"":1726904085000,""sampleAmount"":""0.50001""}}",1,0.1,1,1,0.998,0,TNkcBq326NQj8kN4BpZEGuB87mG9UJwtvV,false,0,2,,,,[],0,0
TGo1b8MLMYqpt4vJ78SQBziDzhPrp58anB,TRON,licit,tron_negative_sampling,2026-09-23T05:07:32.488Z,"{""activity_evidence"":{""txCount"":377,""lastActiveAt"":1778759430000,""createdAt"":1763392065000},""usdt_holder_evidence"":{""usdtTxCount"":377,""observedAt"":1778759430000,""sampleAmount"":""25""}}",1,1094.325,2,1,0.939,,TDtQCWfhKRfeBeWN3Q3P5CkJFLsAaP15DU,false,0.353,10,,,,[],0,0
TGofidywuNt9MMWt7MaUnTxATdeaW7f2md,TRON,licit,tron_negative_sampling,2026-09-23T05:07:32.488Z,"{""activity_evidence"":{""txCount"":59,""lastActiveAt"":1771870473000,""createdAt"":1768036596000},""usdt_holder_evidence"":{""usdtTxCount"":59,""observedAt"":1771870473000,""sampleAmount"":""14898""}}",1,192.9,3,1,1,27.362,TBA6CypYJizwA9XdC7Ubgc5F1bxrQ7SqPt,false,0.237,7,,,,[],0,0
TGQE3CpgszSiLtCpAsNF3S8asYkgGCQ7zc,TRON,licit,tron_negative_sampling,2026-09-23T05:07:32.488Z,"{""activity_evidence"":{""txCount"":37,""lastActiveAt"":1774274628000,""createdAt"":1766871708000},""usdt_holder_evidence"":{""usdtTxCount"":37,""observedAt"":1774274628000,""sampleAmount"":""500""}}",1,549.3,2,1,1,30.02,TWPDJ3cGh18iRbANHrq3MbaJVpxz4HG73K,false,0.676,4,,,,[],0,0
TGqgdSrbbQkXR5w8KASVeynPebTwWvUgBt,TRON,licit,tron_negative_sampling,2026-09-23T05:07:32.488Z,"{""activity_evidence"":{""txCount"":400,""lastActiveAt"":1789748025000,""createdAt"":1678207776000},""usdt_holder_evidence"":{""usdtTxCount"":400,""observedAt"":1789748025000,""sampleAmount"":""377000""}}",1,37566.075,5,1,0.711,1140.885,TNXoiAJ3dct8Fjg4M9fkLFh9S2v9TXc32G,false,0.805,9,,,,[],0,0
TGTZii3atykShn7pvcQ5cjouta8J9yP6z8,TRON,licit,tron_negative_sampling,2026-09-23T05:07:32.488Z,"{""activity_evidence"":{""txCount"":78,""lastActiveAt"":1786567911000,""createdAt"":1726421724000},""usdt_holder_evidence"":{""usdtTxCount"":78,""observedAt"":1786567911000,""sampleAmount"":""100""}}",1,1914.1,1,1,1,,TErzH8j8BwFN9vUo89cxiHx2KnUuZJtgPp,false,0.244,3,,,,[],0,0
TGUmd9PxMNbZ8vKqAA2S3ibu1gPMnMuJdG,TRON,licit,tron_negative_sampling,2026-09-23T05:07:32.488Z,"{""activity_evidence"":{""txCount"":7,""lastActiveAt"":1786704186000,""createdAt"":1762815174000},""usdt_holder_evidence"":{""usdtTxCount"":7,""observedAt"":1786704186000,""sampleAmount"":""3000""}}",1,92545,1,1,1,,TYD4pB7wGi1p8zK67rBTV3KdfEb9nvNDXh,false,1,2,,,,[],0,0
TGVzqPc2hnc1sjQpKQLFDcNLZHir9xZ24x,TRON,licit,tron_negative_sampling,2026-09-23T05:07:32.488Z,"{""activity_evidence"":{""txCount"":400,""lastActiveAt"":1781798556000,""createdAt"":1747800687000},""usdt_holder_evidence"":{""usdtTxCount"":400,""observedAt"":1781798556000,""sampleAmount"":""25000""}}",1,63519.325,2,1,0.618,180.991,TNucUCHCt543YbqM4mxD5TXNGsJvZXsf2R,false,0.688,7,,,,[],0,0
TGWADnbBrG95yUfngqbyQrcckBYd9yP6z8,TRON,licit,tron_negative_sampling,2026-09-23T05:07:32.488Z,"{""activity_evidence"":{""txCount"":2,""lastActiveAt"":1726904244000,""createdAt"":1726904226000},""usdt_holder_evidence"":{""usdtTxCount"":2,""observedAt"":1726904244000,""sampleAmount"":""0.70001""}}",1,0.05,1,1,0.999,0,TDChbPc5pkccfYptEYnPcw7TfR7QBDnnvY,false,0,2,,,,[],0,0
TGwGQ3skkQqUdGo1gwuanXy6VCCgQceSAj,TRON,licit,tron_negative_sampling,2026-09-23T05:07:32.488Z,"{""activity_evidence"":{""txCount"":400,""lastActiveAt"":1789983513000,""createdAt"":1730242827000},""usdt_holder_evidence"":{""usdtTxCount"":400,""observedAt"":1789983513000,""sampleAmount"":""1147""}}",1,130025.6,3,1,0.547,197.585,TXPzh6iZnMLNTrZ4WZqfWBu4Xy5LdQPpKt,false,0.623,6,,,,[],0,0
TGwk1sPLJPnFN1ew31TkARtiqCveaTDnTh,TRON,licit,tron_negative_sampling,2026-09-23T05:07:32.488Z,"{""activity_evidence"":{""txCount"":139,""lastActiveAt"":1789664586000,""createdAt"":1749720822000},""usdt_holder_evidence"":{""usdtTxCount"":139,""observedAt"":1789664586000,""sampleAmount"":""1200""}}",1,21850,1,1,1,,TCw6YaWm3y6DvxY7M8hrCDnrJGeGMumzGJ,false,0.734,4,,,,[],0,0
TGYc9wxVAVP9LPvBnsNkCG1ab9yiHoJCgA,TRON,licit,tron_negative_sampling,2026-09-23T05:07:32.488Z,"{""activity_evidence"":{""txCount"":400,""lastActiveAt"":1783681911000,""createdAt"":1730019180000},""usdt_holder_evidence"":{""usdtTxCount"":400,""observedAt"":1783681911000,""sampleAmount"":""469""}}",1,18266.725,3,1,0.982,57.606,TDhohLeVo6gazMm5dp9eFpMkhf1vc8iUf7,false,0.373,7,,,,[],0,0
TGyNRqXfGd97tSEmaZ4j5yaD4YputmMa6u,TRON,licit,tron_negative_sampling,2026-09-23T05:07:32.488Z,"{""activity_evidence"":{""txCount"":400,""lastActiveAt"":1782730884000,""createdAt"":1731333534000},""usdt_holder_evidence"":{""usdtTxCount"":400,""observedAt"":1782730884000,""sampleAmount"":""690""}}",1,74814.975,5,1,0.698,347.081,TYU4dM5AjFMiK3HXrv18bssvjpXT2mRo3n,false,0.56,7,,,,[],0,0
TGYwzn36EZVfRVnMZMVcsihHctHvkukANN,TRON,licit,tron_negative_sampling,2026-09-23T05:07:32.488Z,"{""activity_evidence"":{""txCount"":90,""lastActiveAt"":1789303206000,""createdAt"":1773341517000},""usdt_holder_evidence"":{""usdtTxCount"":90,""observedAt"":1789303206000,""sampleAmount"":""50""}}",1,66.4,3,1,1,,TUSYcK5yf8Et4xNTiUcpfZwmhFsxfdoooo,false,0.3,4,,,,[],0,0
TH59WH2xppDjPptiFXAv7ZdpXGNeLGkFpR,TRON,licit,tron_negative_sampling,2026-09-23T05:07:32.488Z,"{""activity_evidence"":{""txCount"":400,""lastActiveAt"":1789413561000,""createdAt"":1698319650000},""usdt_holder_evidence"":{""usdtTxCount"":400,""observedAt"":1789413561000,""sampleAmount"":""22983""}}",1,8830.65,4,1,0.663,782.017,TBuMgYEgsK43wFg9yX2gjgmrhrC5Aahnxy,false,0.455,13,,,,[],0,0
TH7hongeksMwqhZh1uQGgkA27anh4StjUd,TRON,licit,tron_negative_sampling,2026-09-23T05:07:32.488Z,"{""activity_evidence"":{""txCount"":400,""lastActiveAt"":1776497463000,""createdAt"":1691672616000},""usdt_holder_evidence"":{""usdtTxCount"":400,""observedAt"":1776497463000,""sampleAmount"":""1985""}}",1,165768.9,3,1,0.55,166.724,THA5haTREitJbRUpogw1qYRCQxmHEVD4zk,false,0.288,6,,,,[],0,0
THAfJrecrkYESc893kULALSMix8xabuFN8,TRON,licit,tron_negative_sampling,2026-09-23T05:07:32.488Z,"{""activity_evidence"":{""txCount"":17,""lastActiveAt"":1775336562000,""createdAt"":1772644572000},""usdt_holder_evidence"":{""usdtTxCount"":17,""observedAt"":1775336562000,""sampleAmount"":""19923""}}",1,2,1,1,1,,TWNxHr9QWNW9sL4sDYqRsMDLB3fGmf98UW,false,0.353,3,,,,[],0,0
THamHsXHzpNAEvx2Qd6YyhiFxmGNU6F9io,TRON,licit,tron_negative_sampling,2026-09-23T05:07:32.488Z,"{""activity_evidence"":{""txCount"":400,""lastActiveAt"":1764058419000,""createdAt"":1752901617000},""usdt_holder_evidence"":{""usdtTxCount"":400,""observedAt"":1764058419000,""sampleAmount"":""32982.402301""}}",1,681.7,2,1,2.206,69.631,TEYktoy3EVKbAQnzz2uoT2N7fp7ohHq41c,false,0.61,7,,,,[],0,0
THAshayJQhYy3HvrpwM8N77RWEB2ppYnRr,TRON,licit,tron_negative_sampling,2026-09-23T05:07:32.488Z,"{""activity_evidence"":{""txCount"":400,""lastActiveAt"":1788560337000,""createdAt"":1722419592000},""usdt_holder_evidence"":{""usdtTxCount"":400,""observedAt"":1788560337000,""sampleAmount"":""1700""}}",1,307182.95,2,1,0.17,274.914,TDTcK3WpJfvQWFMJVi4GhyoeewbNRAAAAA,false,0.36,6,,,,[],0,0
THaUFaDiE2VG1kX8DAhaXqSrxwhi4gBnyc,TRON,licit,tron_negative_sampling,2026-09-23T05:07:32.488Z,"{""activity_evidence"":{""txCount"":250,""lastActiveAt"":1786251309000,""createdAt"":1767311508000},""usdt_holder_evidence"":{""usdtTxCount"":250,""observedAt"":1786251309000,""sampleAmount"":""48420""}}",1,20147,2,1,1,0.009,TJhawTjkm5vmtBLaY6rZkHcziZfBY8EtfW,false,0.76,6,,,,[],0,0
THaUoLLM7srtTA9KcUHTrUq1TRsSEBWhCG,TRON,licit,tron_negative_sampling,2026-09-23T05:07:32.488Z,"{""activity_evidence"":{""txCount"":15,""lastActiveAt"":1772147829000,""createdAt"":1760059572000},""usdt_holder_evidence"":{""usdtTxCount"":15,""observedAt"":1772147829000,""sampleAmount"":""20144.729119""}}",1,99901.675,1,1,1,0.005,TEPSrSYPDSQ7yXpMFPq91Fb1QEWpMkRGfn,false,0.067,2,,,,[],0,0
THB6nTvTLBYzqW612EpPEgXsJSsGogHE3F,TRON,licit,tron_negative_sampling,2026-09-23T05:07:32.488Z,"{""activity_evidence"":{""txCount"":36,""lastActiveAt"":1782519183000,""createdAt"":1782363066000},""usdt_holder_evidence"":{""usdtTxCount"":36,""observedAt"":1782519183000,""sampleAmount"":""42386""}}",1,314.475,2,1,1,0.452,TCDhxczif9EjXxkeJxvHFtLupKfPisw3Nu,false,0.611,6,,,,[],0,0
THdVQbjvmjMZR2qqiBfKp4gGLM1soxHJnR,TRON,licit,tron_negative_sampling,2026-09-23T05:07:32.488Z,"{""activity_evidence"":{""txCount"":400,""lastActiveAt"":1790087916000,""createdAt"":1761128181000},""usdt_holder_evidence"":{""usdtTxCount"":400,""observedAt"":1790087916000,""sampleAmount"":""3819""}}",1,2894.175,10,1,1.057,301.034,TXkDFLfBdkQ1o63YgK3ozmafhcxV7mXVNF,false,0.203,17,,,,[],0,0
THG3JS2G6BQCHnhX5E67DsaecMhotyAKjT,TRON,licit,tron_negative_sampling,2026-09-23T05:07:32.488Z,"{""activity_evidence"":{""txCount"":2,""lastActiveAt"":1769437773000,""createdAt"":1769437764000},""usdt_holder_evidence"":{""usdtTxCount"":2,""observedAt"":1769437773000,""sampleAmount"":""1.51""}}",1,0.05,1,1,1,0,,false,0,2,,,,[],0,0
THgT5igMDbSYTx22Xc9UGzsqkTDoRgXN2U,TRON,licit,tron_negative_sampling,2026-09-23T05:07:32.488Z,"{""activity_evidence"":{""txCount"":6,""lastActiveAt"":1772774310000,""createdAt"":1770095013000},""usdt_holder_evidence"":{""usdtTxCount"":6,""observedAt"":1772774310000,""sampleAmount"":""1.00001""}}",1,0.05,1,1,1,0,,false,0,2,,,,[],0,0
THgT5ktuPkmauPS34cEfRVcJ2QpnRgXN2U,TRON,licit,tron_negative_sampling,2026-09-23T05:07:32.488Z,"{""activity_evidence"":{""txCount"":6,""lastActiveAt"":1775266296000,""createdAt"":1770099003000},""usdt_holder_evidence"":{""usdtTxCount"":6,""observedAt"":1775266296000,""sampleAmount"":""1.54071""}}",1,0.1,1,1,1,0,TRFzN7HTESEL9zZBf4rcgq4ZzqoXbiaSrf,false,0,2,,,,[],0,0
THgT5ykKrNxvn3w5JcBKVu6JnDZeRgXN2U,TRON,licit,tron_negative_sampling,2026-09-23T05:07:32.488Z,"{""activity_evidence"":{""txCount"":400,""lastActiveAt"":1780561203000,""createdAt"":1732072953000},""usdt_holder_evidence"":{""usdtTxCount"":400,""observedAt"":1780561203000,""sampleAmount"":""40000""}}",1,2815.75,1,1,1.341,291.979,TQrY8tryqsYVCYS3MFbtffiPp2ccyn4STm,false,0.838,4,,,,[],0,0
THGVHgtWBeM7aJZBYvrCwvBRN5JNfSyaqx,TRON,licit,tron_negative_sampling,2026-09-23T05:07:32.488Z,"{""activity_evidence"":{""txCount"":15,""lastActiveAt"":1775846544000,""createdAt"":1773958737000},""usdt_holder_evidence"":{""usdtTxCount"":15,""observedAt"":1775846544000,""sampleAmount"":""2050""}}",1,1.4,2,1,1,0.001,T9yWQZtQMmNdykQcpYvb9E9ptbZ6CSfxCo,false,0.467,5,,,,[],0,0
THhzquHRVnRwXvEQnXi8xsPTUJngCXvzjm,TRON,licit,tron_negative_sampling,2026-09-23T05:07:32.488Z,"{""activity_evidence"":{""txCount"":2,""lastActiveAt"":1769611680000,""createdAt"":1769611668000},""usdt_holder_evidence"":{""usdtTxCount"":2,""observedAt"":1769611680000,""sampleAmount"":""2.65901""}}",1,0.05,1,1,1,0,,false,0,2,,,,[],0,0
THhzqYncdM4phNcfFvDgQDsS8WXoCXvzjm,TRON,licit,tron_negative_sampling,2026-09-23T05:07:32.488Z,"{""activity_evidence"":{""txCount"":56,""lastActiveAt"":1788273045000,""createdAt"":1753527216000},""usdt_holder_evidence"":{""usdtTxCount"":56,""observedAt"":1788273045000,""sampleAmount"":""3000""}}",1,52076.2,1,1,1,,TAQ3S3o1LnHGo8yKob57zYfv64yz6L5UfY,false,0.875,3,,,,[],0,0
THj4mSf9A4vQi2AYUNeKPtUJF9ifUKu9VC,TRON,licit,tron_negative_sampling,2026-09-23T05:07:32.488Z,"{""activity_evidence"":{""txCount"":38,""lastActiveAt"":1780535757000,""createdAt"":1773269850000},""usdt_holder_evidence"":{""usdtTxCount"":38,""observedAt"":1780535757000,""sampleAmount"":""105160""}}",1,15320.9,2,1,1,0.001,TWNxHr9QWNW9sL4sDYqRsMDLB3fGmf98UW,false,0.737,3,,,,[],0,0
THJCAYtf5nZFV9ADtiUqhoQMsXksDEBtD9,TRON,licit,tron_negative_sampling,2026-09-23T05:07:32.488Z,"{""activity_evidence"":{""txCount"":10,""lastActiveAt"":1775955165000,""createdAt"":1764903510000},""usdt_holder_evidence"":{""usdtTxCount"":10,""observedAt"":1775955165000,""sampleAmount"":""2500""}}",1,9.15,1,1,1,,TYD4pB7wGi1p8zK67rBTV3KdfEb9nvNDXh,false,0.8,2,,,,[],0,0
THoEKjBQ3yVnN7euCsUCS7LDPsZMxpsBTd,TRON,licit,tron_negative_sampling,2026-09-23T05:07:32.488Z,"{""activity_evidence"":{""txCount"":359,""lastActiveAt"":1774299393000,""createdAt"":1740853467000},""usdt_holder_evidence"":{""usdtTxCount"":359,""observedAt"":1774299393000,""sampleAmount"":""1""}}",1,7475.925,4,1,0.893,3.643,TFBEs9BvSLqxJy4m52hoQoBpMnQx599999,false,0.529,5,,,,[],0,0
THpJXuV5HF3Mf11jzRkJvb5HnPh5gJzGCn,TRON,licit,tron_negative_sampling,2026-09-23T05:07:32.488Z,"{""activity_evidence"":{""txCount"":308,""lastActiveAt"":1774848258000,""createdAt"":1735861062000},""usdt_holder_evidence"":{""usdtTxCount"":308,""observedAt"":1774848258000,""sampleAmount"":""150353.165395""}}",1,43004.3,1,1,1.621,292.153,TZ15pBgwpBvYBLZZNUJHQuZeTRmD1VUZN3,false,0.831,4,,,,[],0,0
THpJXuXeXN7kA9uxyt34PVKty9PWgJzGCn,TRON,licit,tron_negative_sampling,2026-09-23T05:07:32.488Z,"{""activity_evidence"":{""txCount"":2,""lastActiveAt"":1768638279000,""createdAt"":1768638267000},""usdt_holder_evidence"":{""usdtTxCount"":2,""observedAt"":1768638279000,""sampleAmount"":""0.65001""}}",1,0.15,1,1,1,0,TLj7LiUwgvznr2k8suvtBowGk6VcSJLTSn,false,0,2,,,,[],0,0
THQexLJNRTSP5sdia3WCPX5SXEsQsDEuBN,TRON,licit,tron_negative_sampling,2026-09-23T05:07:32.488Z,"{""activity_evidence"":{""txCount"":264,""lastActiveAt"":1769545818000,""createdAt"":1757603340000},""usdt_holder_evidence"":{""usdtTxCount"":264,""observedAt"":1769545818000,""sampleAmount"":""39100""}}",1,40050.675,3,1,1,,TToAw8CQ4srnsUbVHjn9qD5AXah7Bi2FwU,false,0.549,10,,,,[],0,0
THsKxBwWKogMmk7kCueFU6xqjoxmgJzGCn,TRON,licit,tron_negative_sampling,2026-09-23T05:07:32.488Z,"{""activity_evidence"":{""txCount"":2,""lastActiveAt"":1765407549000,""createdAt"":1765297284000},""usdt_holder_evidence"":{""usdtTxCount"":2,""observedAt"":1765407549000,""sampleAmount"":""0.63901""}}",1,1837.7,0,1,0.983,0,TLj7LiUwgvznr2k8suvtBowGk6VcSJLTSn,false,0,1,,,,[],0,0
THsUtdw7EhEXE7qMnHCbmfNzazVrSg6kpV,TRON,licit,tron_negative_sampling,2026-09-23T05:07:32.488Z,"{""activity_evidence"":{""txCount"":400,""lastActiveAt"":1777020963000,""createdAt"":1761407835000},""usdt_holder_evidence"":{""usdtTxCount"":400,""observedAt"":1777020963000,""sampleAmount"":""470""}}",1,9890.275,5,1,0.754,125.982,TQJqBNDaEQc4GjeWEthtVuy1pJJB56sErN,false,0.365,8,,,,[],0,0
THT9MAA3BLqf55UCHNaVoVajkCdWc8oLwa,TRON,licit,tron_negative_sampling,2026-09-23T05:07:32.488Z,"{""activity_evidence"":{""txCount"":400,""lastActiveAt"":1787511963000,""createdAt"":1742136159000},""usdt_holder_evidence"":{""usdtTxCount"":400,""observedAt"":1787511963000,""sampleAmount"":""6214""}}",1,2189.325,2,1,3.346,190.684,TQmA6jZn5ZNCPZpyJqk1buEujkS743FbsC,false,0.398,6,,,,[],0,0
THTfhmFKJV94xeDV9dsv6dmbY891LWhfSg,TRON,licit,tron_negative_sampling,2026-09-23T05:07:32.488Z,"{""activity_evidence"":{""txCount"":14,""lastActiveAt"":1771318527000,""createdAt"":1770637827000},""usdt_holder_evidence"":{""usdtTxCount"":14,""observedAt"":1771318527000,""sampleAmount"":""4.00001""}}",1,0.05,1,1,1,0,,false,0,4,,,,[],0,0
THTfhNbkzR4GAS9gRPVk4nibAUqmLWhfSg,TRON,licit,tron_negative_sampling,2026-09-23T05:07:32.488Z,"{""activity_evidence"":{""txCount"":85,""lastActiveAt"":1771325790000,""createdAt"":1769870787000},""usdt_holder_evidence"":{""usdtTxCount"":85,""observedAt"":1771325790000,""sampleAmount"":""1232613.37194""}}",1,92.4,5,1,1,6.841,TY35UWFsrwUNWKiLa4cjp1MZZAB6YNSn9x,false,0.753,10,,,,[],0,0
THtQ8AkW4VkkrTR2uRQWM3LkrNFe9iosD2,TRON,licit,tron_negative_sampling,2026-09-23T05:07:32.488Z,"{""activity_evidence"":{""txCount"":400,""lastActiveAt"":1790098566000,""createdAt"":1778211612000},""usdt_holder_evidence"":{""usdtTxCount"":400,""observedAt"":1790098566000,""sampleAmount"":""300000""}}",1,,3,1,3.206,122.299,TVPQfj4zXbRf6doFCBxGsGWVUymRDXV8fR,false,0.638,8,,,,[],0,0
THwJpHz51hx8JZ6nXUn3buarLpui9SeMbq,TRON,licit,tron_negative_sampling,2026-09-23T05:07:32.488Z,"{""activity_evidence"":{""txCount"":6,""lastActiveAt"":1771628940000,""createdAt"":1771628694000},""usdt_holder_evidence"":{""usdtTxCount"":6,""observedAt"":1771628940000,""sampleAmount"":""199994.234291""}}",1,110.3,0,1,1,,TUSYcK5yf8Et4xNTiUcpfZwmhFsxfdoooo,false,0.333,5,,,,[],0,0
THwVCFuT3nQcNHWgqTqP25DqcHK4aDonsw,TRON,licit,tron_negative_sampling,2026-09-23T05:07:32.488Z,"{""activity_evidence"":{""txCount"":22,""lastActiveAt"":1766055681000,""createdAt"":1692379110000},""usdt_holder_evidence"":{""usdtTxCount"":22,""observedAt"":1766055681000,""sampleAmount"":""16452""}}",1,5.4,3,1,1,,TWDDUF6JxKgC8ErsprDQtf5znhJUYtF43N,false,0.682,5,,,,[],0,0
THxo11xQS1s43URnjwvQoRBrHDCDPSWP5X,TRON,licit,tron_negative_sampling,2026-09-23T05:07:32.488Z,"{""activity_evidence"":{""txCount"":400,""lastActiveAt"":1771156470000,""createdAt"":1760258145000},""usdt_holder_evidence"":{""usdtTxCount"":400,""observedAt"":1771156470000,""sampleAmount"":""6946.160347""}}",1,4707,4,1,1.178,70.961,THa9RzLTdxjKmkZFJyTgdDoDVqqh1SBrEy,false,0.673,7,,,,[],0,0
THxo12YQUMden3RDCwJTyVgC9mu4PSWP5X,TRON,licit,tron_negative_sampling,2026-09-23T05:07:32.488Z,"{""activity_evidence"":{""txCount"":14,""lastActiveAt"":1770030000000,""createdAt"":1766834871000},""usdt_holder_evidence"":{""usdtTxCount"":14,""observedAt"":1770030000000,""sampleAmount"":""1.2961""}}",1,0.05,1,1,1,0,,false,0,4,,,,[],0,0
THxo1s3jWaY569Xc7R2QtDViuCm5PSWP5X,TRON,licit,tron_negative_sampling,2026-09-23T05:07:32.488Z,"{""activity_evidence"":{""txCount"":16,""lastActiveAt"":1771065756000,""createdAt"":1763366871000},""usdt_holder_evidence"":{""usdtTxCount"":16,""observedAt"":1771065756000,""sampleAmount"":""2.0001""}}",1,0.05,1,1,1,0,,false,0,2,,,,[],0,0
THXweeYoN1E3YToivR88QzoHj3TuXekuoJ,TRON,licit,tron_negative_sampling,2026-09-23T05:07:32.488Z,"{""activity_evidence"":{""txCount"":2,""lastActiveAt"":1776967107000,""createdAt"":1776967095000},""usdt_holder_evidence"":{""usdtTxCount"":2,""observedAt"":1776967107000,""sampleAmount"":""0.6486""}}",1,0.05,1,1,0.812,0,TG2b7Wa7Xs6zP4KJWuZsMKhFFBiLN9Dw2b,false,0,2,,,,[],0,0
THZAEHy2p2omNSKcxtiB14FA3pzNoW5WjP,TRON,licit,tron_negative_sampling,2026-09-23T05:07:32.488Z,"{""activity_evidence"":{""txCount"":277,""lastActiveAt"":1790135703000,""createdAt"":1764256848000},""usdt_holder_evidence"":{""usdtTxCount"":277,""observedAt"":1790135703000,""sampleAmount"":""32500""}}",1,18416.05,1,1,22.432,277.396,TQpMHC1NMJuinc3PcaTNVH2uJ4SBgeaRDb,false,0.296,4,,,,[],0,0
THzb4K2mh4T4EjFksMu4JqgF6CkJW6o7K5,TRON,licit,tron_negative_sampling,2026-09-23T05:07:32.488Z,"{""activity_evidence"":{""txCount"":2,""lastActiveAt"":1763567061000,""createdAt"":1763567049000},""usdt_holder_evidence"":{""usdtTxCount"":2,""observedAt"":1763567061000,""sampleAmount"":""1.38006""}}",1,0.05,1,1,0.994,0,,false,0,2,,,,[],0,0
THzbg9SHsGwEG5sGUHs4HiN5vpD7W6o7K5,TRON,licit,tron_negative_sampling,2026-09-23T05:07:32.488Z,"{""activity_evidence"":{""txCount"":400,""lastActiveAt"":1773384492000,""createdAt"":1757088279000},""usdt_holder_evidence"":{""usdtTxCount"":400,""observedAt"":1773384492000,""sampleAmount"":""73865""}}",1,73.3,5,1,1.604,178.411,TD5qS6xhan3yhDjPSfHXvJ3XG9VH3qtuuS,false,0.733,11,,,,[],0,0
THzbgSgkUEgDoJoEEeM15FvGP8v3W6o7K5,TRON,licit,tron_negative_sampling,2026-09-23T05:07:32.488Z,"{""activity_evidence"":{""txCount"":36,""lastActiveAt"":1769530896000,""createdAt"":1760721537000},""usdt_holder_evidence"":{""usdtTxCount"":36,""observedAt"":1769530896000,""sampleAmount"":""1.335399""}}",1,0.05,1,1,1,0,TPwqVNwzU4kBA92NeAgfHQu28XSdXucS6t,false,0,2,,,,[],0,0
THzbgSyHS3RMfWJjPZxCWXkJqLzrW6o7K5,TRON,licit,tron_negative_sampling,2026-09-23T05:07:32.488Z,"{""activity_evidence"":{""txCount"":4,""lastActiveAt"":1765197057000,""createdAt"":1762614951000},""usdt_holder_evidence"":{""usdtTxCount"":4,""observedAt"":1765197057000,""sampleAmount"":""0.900141""}}",1,0.05,1,1,0.952,0,TSvKpcNNS1fXie77VLryVbnCtkEGwT3Ek8,false,0,2,,,,[],0,0
TJ2iVoqa18Zbs7eAmEfXzQXL2aj1U5TBaT,TRON,licit,tron_negative_sampling,2026-09-23T05:07:32.488Z,"{""activity_evidence"":{""txCount"":400,""lastActiveAt"":1760098839000,""createdAt"":1668061446000},""usdt_holder_evidence"":{""usdtTxCount"":400,""observedAt"":1760098839000,""sampleAmount"":""64255""}}",1,8.75,6,1,1.178,128.898,,false,0.27,16,,,,[],0,0
TJ2YBuWMskYnXVkPcDn1mTBFppmsXekuoJ,TRON,licit,tron_negative_sampling,2026-09-23T05:07:32.488Z,"{""activity_evidence"":{""txCount"":47,""lastActiveAt"":1776885318000,""createdAt"":null},""usdt_holder_evidence"":{""usdtTxCount"":47,""observedAt"":1776885318000,""sampleAmount"":""126121""}}",1,20.7,9,1,1,,,false,0.34,23,,,,[],0,0
TJ3hRDhwbhLi5ZeXasMaSKtiKr5JWKog6T,TRON,licit,tron_negative_sampling,2026-09-23T05:07:32.488Z,"{""activity_evidence"":{""txCount"":290,""lastActiveAt"":1790022006000,""createdAt"":1766715690000},""usdt_holder_evidence"":{""usdtTxCount"":290,""observedAt"":1790022006000,""sampleAmount"":""2500""}}",1,47752.05,3,1,0.751,,TUSYcK5yf8Et4xNTiUcpfZwmhFsxfdoooo,false,0.466,7,,,,[],0,0
TJ3hRJdNazq2m4aEB8wCuwkfu48PWKog6T,TRON,licit,tron_negative_sampling,2026-09-23T05:07:32.488Z,"{""activity_evidence"":{""txCount"":4,""lastActiveAt"":1775293185000,""createdAt"":1770732156000},""usdt_holder_evidence"":{""usdtTxCount"":4,""observedAt"":1775293185000,""sampleAmount"":""1.1""}}",1,0.05,1,1,1,0,,false,0,2,,,,[],0,0
TJ6644FjRYf6JHW2DnpthxQSCUcXxyaaT8,TRON,licit,tron_negative_sampling,2026-09-23T05:07:32.488Z,"{""activity_evidence"":{""txCount"":57,""lastActiveAt"":1778103930000,""createdAt"":1767393441000},""usdt_holder_evidence"":{""usdtTxCount"":57,""observedAt"":1778103930000,""sampleAmount"":""100000""}}",1,25624.55,0,1,1,,TQmA6jZn5ZNCPZpyJqk1buEujkS743FbsC,false,0.474,3,,,,[],0,0
TJ664HyzNxp8Bnn5xsdx2D6hjArhxyaaT8,TRON,licit,tron_negative_sampling,2026-09-23T05:07:32.488Z,"{""activity_evidence"":{""txCount"":4,""lastActiveAt"":1769690229000,""createdAt"":1769649741000},""usdt_holder_evidence"":{""usdtTxCount"":4,""observedAt"":1769690229000,""sampleAmount"":""1.50001""}}",1,0.05,1,1,1,0,,false,0,2,,,,[],0,0
TJ664XotkGw2MBxhd9YZkZHpjeQ1xyaaT8,TRON,licit,tron_negative_sampling,2026-09-23T05:07:32.488Z,"{""activity_evidence"":{""txCount"":4,""lastActiveAt"":1769139633000,""createdAt"":1769001453000},""usdt_holder_evidence"":{""usdtTxCount"":4,""observedAt"":1769139633000,""sampleAmount"":""2.50009""}}",1,0.05,1,1,1,0,,false,0,2,,,,[],0,0
TJ9U4xR2b1StdjMU1JAFnYJ9trabMvvSNa,TRON,licit,tron_negative_sampling,2026-09-23T05:07:32.488Z,"{""activity_evidence"":{""txCount"":2,""lastActiveAt"":1740687846000,""createdAt"":1740687837000},""usdt_holder_evidence"":{""usdtTxCount"":2,""observedAt"":1740687846000,""sampleAmount"":""0.051""}}",1,0.05,1,1,0.113,0,TMBmZ2a1Aj56hYAvrHAbpdJ4DoRitdMJA6,false,0,2,,,,[],0,0
TJA9FRqauCHszyFg1s7kJNQtGL3fmw1Aw4,TRON,licit,tron_negative_sampling,2026-09-23T05:07:32.488Z,"{""activity_evidence"":{""txCount"":13,""lastActiveAt"":1775772684000,""createdAt"":1773105417000},""usdt_holder_evidence"":{""usdtTxCount"":13,""observedAt"":1775772684000,""sampleAmount"":""220248""}}",1,1.1,2,1,1,0.002,TFLEKchcgkjj33wJknEAVFXP8buGnLxNSg,false,0.385,4,,,,[],0,0
TJL6c9J9KE4NkwkbbRRFQQnM3CuomvsgSc,TRON,licit,tron_negative_sampling,2026-09-23T05:07:32.488Z,"{""activity_evidence"":{""txCount"":17,""lastActiveAt"":1782882186000,""createdAt"":1782711534000},""usdt_holder_evidence"":{""usdtTxCount"":17,""observedAt"":1782882186000,""sampleAmount"":""213.41""}}",1,316.05,2,1,1,0.521,TYTWZUaLFEsgFfw9LSBrVKyWfWb5gMxt7C,false,0.588,7,,,,[],0,0
TJP6TKxMxyc4GrgZzC6AKPboyKbKBCqfFv,TRON,licit,tron_negative_sampling,2026-09-23T05:07:32.488Z,"{""activity_evidence"":{""txCount"":126,""lastActiveAt"":1772217507000,""createdAt"":1767447513000},""usdt_holder_evidence"":{""usdtTxCount"":126,""observedAt"":1772217507000,""sampleAmount"":""95123.99""}}",1,3071,2,1,1,0.002,TL4GJ1gssnNP8Q2XoadFu1dvauLPGENwJs,false,0.492,6,,,,[],0,0
TJUahW5NSGdRj35iC9nCD69ZzZJbJ7won9,TRON,licit,tron_negative_sampling,2026-09-23T05:07:32.488Z,"{""activity_evidence"":{""txCount"":81,""lastActiveAt"":1789986210000,""createdAt"":1771488174000},""usdt_holder_evidence"":{""usdtTxCount"":81,""observedAt"":1789986210000,""sampleAmount"":""20000""}}",1,3248.9,2,1,0.993,0.008,TKr76gAzMiERLjireoz2jq3DwnSuiefnZb,false,0.642,7,,,,[],0,0
TJWL2yXwbDcGscbx9qHCuQ6pKYcrh5WE5Q,TRON,licit,tron_negative_sampling,2026-09-23T05:07:32.488Z,"{""activity_evidence"":{""txCount"":45,""lastActiveAt"":1780674669000,""createdAt"":1769430177000},""usdt_holder_evidence"":{""usdtTxCount"":45,""observedAt"":1780674669000,""sampleAmount"":""149900""}}",1,11.775,4,1,1,,TR3wLykL9DchdBR8s8E5LGpArjAF1wt8jt,false,0.356,12,,,,[],0,0
TJYwzrsE3gsRDN5WE3vb1Gfxt5vVYpN1Zb,TRON,licit,tron_negative_sampling,2026-09-23T05:07:32.488Z,"{""activity_evidence"":{""txCount"":400,""lastActiveAt"":1750676700000,""createdAt"":1714033752000},""usdt_holder_evidence"":{""usdtTxCount"":400,""observedAt"":1750676700000,""sampleAmount"":""185.7""}}",1,155.1,0,2,17.262,7.82,TEDGswyWzn9aRJj7xHaWPpZfoHTHCEW3zF,false,0.213,199,,,,[],0,0
